[main] target 127.0.0.1:9000, account 'headless-test'
[selfcheck] OutboundPacket round-trip ...
[selfcheck] OutboundPacket round-trip OK
[api] WARNING: AC_BOTS_API_TOKEN not set; using dev-insecure-token
[api] AcAiPlayers.ApiHost v1.0.0+9a6aaec8c3f11c3560bf0a962185aaed20301206: ok
[api] WARNING: API host unreachable: HttpRequestException: Response status code does not indicate success: 401 (Unauthorized).
[api] continuing without API; Phase 1 spike doesn't require it
[handshake] bound UDP socket on 0.0.0.0:51028
[handshake] sending LoginRequest (84 bytes) to 127.0.0.1:9000
[handshake] received 52 bytes from 127.0.0.1:9000
[handshake]   header: Seq=0 Id=11 Iter=1 Flags=ConnectRequest Size=32 CRC=0xF5C04227
[handshake] received ConnectRequest:
             serverTime  = 294106490.07582766
             cookie      = 0xE54CB1751833C763
             clientId    = 0
             serverSeed  = 3d a3 8d d9
             clientSeed  = e4 c3 5c f2
[handshake] sending ConnectResponse (28 bytes) to 127.0.0.1:9001
[handshake]   bytes: 00 00 00 00 00 00 08 00 bd e9 81 b8 00 00 00 00 08 00 00 00 63 c7 33 18 75 b1 4c e5
[handshake]   sent 3× from local endpoint 0.0.0.0:51028
[observe] listening for post-handshake packets for 65s; will send acks + timesync echoes ...
[observe] #1 from 127.0.0.1:9001: Seq=2 Id=11 Iter=1 Flags=EncryptedChecksum, TimeSync Size=8 CRC=0xFBEA385A  [CRC_OK]
[observe]   optional: TimeSync=294106490.19528294
[observe]   -> sent Ack(2) [24 bytes] to 127.0.0.1:9000
[observe]   -> sent TimeSync(294106490.19528294) [28 bytes]
[observe] #2 from 127.0.0.1:9001: Seq=3 Id=11 Iter=1 Flags=EncryptedChecksum, BlobFragments Size=44 CRC=0x038229AC  [CRC_OK]
[observe]   Frag Seq=0 Id=0x80000000 Count=1 Size=44 Idx=0 Q=5 payload[28]: e5 f7 00 00 01 00 00 00 01 00 00 00 01 00 00 00 02 00 00 00 00 00 00 00 01 00 00 00
[observe]   -> DDDInterrogation: region=1 lang=1 product=1 supportedLangs=[0,1]
[observe]   -> sent Ack(3) [24 bytes] to 127.0.0.1:9000
[observe] #3 from 127.0.0.1:9001: Seq=4 Id=11 Iter=1 Flags=EncryptedChecksum, BlobFragments Size=120 CRC=0xC7BCDDBF  [CRC_OK]
[observe]   Frag Seq=1 Id=0x80000000 Count=1 Size=80 Idx=0 Q=9 payload[64]: 58 f6 00 00 00 00 00 00 01 00 00 00 06 00 00 50 0a 00 48 65 61 64 6c 65 73 73 30 31 00 00 00 00 ...
[observe]   -> CharacterList: account="headless-test" slots=11 characters=1 turbineChat=1 tod=1
[observe]      [0] id=0x50000006 name="Headless01" deleteIn=0s
[observe]   Frag Seq=2 Id=0x80000000 Count=1 Size=40 Idx=0 Q=9 payload[24]: e1 f7 00 00 01 00 00 00 80 00 00 00 0a 00 41 43 45 6d 75 6c 61 74 6f 72
[observe]   -> ServerName: name="ACEmulator" connections=1/128
[observe]   -> sent Ack(4) [24 bytes] to 127.0.0.1:9000
[observe]   -> PHASE3.3a SEND: CharacterEnterWorldRequest (chosenGuid=0x50000006, pktSeq=2, fragSeq=1, totalBytes=44)
[observe]      Expect 0xF7DF CharacterEnterWorldServerReady (or 0xF659 CharacterError on shutdown)
[observe] #4 from 127.0.0.1:9001: Seq=5 Id=11 Iter=1 Flags=EncryptedChecksum, BlobFragments Size=20 CRC=0x37EFF3ED  [CRC_OK]
[observe]   Frag Seq=3 Id=0x80000000 Count=1 Size=20 Idx=0 Q=9 payload[4]: df f7 00 00
[observe]   -> CharacterEnterWorldServerReady (server ready, send 0xF657)
[observe]   -> sent Ack(5) [24 bytes] to 127.0.0.1:9000
[observe]   -> PHASE3.3b SEND: CharacterEnterWorld(guid=0x50000006, account="headless-test", payload=24B) pktSeq=3 fragSeq=2 totalBytes=64
[observe]      Expect world-state firehose to begin (PlayerCreate, PlayerDescription, landblock data, ...) - or 0xF659 CharacterError on validation failure
[observe] #5 from 127.0.0.1:9001: Seq=6 Id=11 Iter=1 Flags=EncryptedChecksum, BlobFragments Size=464 CRC=0xFBC4705E  [CRC_OK]
[observe]   Frag Seq=4 Id=0x80000000 Count=2 Size=464 Idx=0 Q=9 payload[448]: b0 f7 00 00 06 00 00 50 01 00 00 00 13 00 00 00 9f 00 00 00 0a 00 00 00 0d 00 40 00 05 00 00 00 ...
[observe]   -> opcode 0xF7B0 (no decoder yet)
[observe]   -> sent Ack(6) [24 bytes] to 127.0.0.1:9000
[observe] #6 from 127.0.0.1:9001: Seq=7 Id=11 Iter=1 Flags=EncryptedChecksum, BlobFragments Size=424 CRC=0x1C8FB494  [CRC_OK]
[observe]   Frag Seq=4 Id=0x80000000 Count=2 Size=252 Idx=1 Q=9 payload[236]: 00 00 01 00 01 00 00 00 00 00 00 00 00 00 00 00 00 00 00 00 00 00 00 00 00 00 00 00 34 00 00 00 ...
[observe]   -> opcode 0x10000 (no decoder yet)
[observe]   Frag Seq=5 Id=0x80000000 Count=1 Size=48 Idx=0 Q=9 payload[32]: b0 f7 00 00 06 00 00 50 02 00 00 00 29 00 00 00 01 00 00 00 01 00 00 00 01 00 00 00 01 00 00 00
[observe]   -> opcode 0xF7B0 (no decoder yet)
[observe]   Frag Seq=6 Id=0x80000000 Count=1 Size=40 Idx=0 Q=9 payload[24]: b0 f7 00 00 06 00 00 50 03 00 00 00 21 00 00 00 00 00 00 00 00 00 00 00
[observe]   -> opcode 0xF7B0 (no decoder yet)
[observe]   Frag Seq=7 Id=0x80000000 Count=1 Size=36 Idx=0 Q=9 payload[20]: b0 f7 00 00 06 00 00 50 04 00 00 00 8a 02 00 00 1d 05 00 00
[observe]   -> opcode 0xF7B0 (no decoder yet)
[observe]   Frag Seq=8 Id=0x80000000 Count=1 Size=48 Idx=0 Q=9 payload[32]: b0 f7 00 00 06 00 00 50 05 00 00 00 8b 02 00 00 1b 05 00 00 07 00 47 65 6e 65 72 61 6c 00 00 00
[observe]   -> opcode 0xF7B0 (no decoder yet)
[observe]   -> sent Ack(7) [24 bytes] to 127.0.0.1:9000
[observe] #7 from 127.0.0.1:9001: Seq=8 Id=11 Iter=1 Flags=EncryptedChecksum, BlobFragments Size=456 CRC=0xA4063375  [CRC_OK]
[observe]   Frag Seq=9 Id=0x80000000 Count=1 Size=72 Idx=0 Q=9 payload[56]: b0 f7 00 00 06 00 00 50 06 00 00 00 95 02 00 00 00 00 00 00 02 00 00 00 03 00 00 00 04 00 00 00 ...
[observe]   -> opcode 0xF7B0 (no decoder yet)
[observe]   Frag Seq=10 Id=0x80000000 Count=1 Size=44 Idx=0 Q=9 payload[28]: b0 f7 00 00 06 00 00 50 07 00 00 00 8b 02 00 00 1b 05 00 00 05 00 54 72 61 64 65 00
[observe]   -> opcode 0xF7B0 (no decoder yet)
[observe]   Frag Seq=11 Id=0x80000000 Count=1 Size=72 Idx=0 Q=9 payload[56]: b0 f7 00 00 06 00 00 50 08 00 00 00 95 02 00 00 00 00 00 00 02 00 00 00 03 00 00 00 04 00 00 00 ...
[observe]   -> opcode 0xF7B0 (no decoder yet)
[observe]   Frag Seq=12 Id=0x80000000 Count=1 Size=44 Idx=0 Q=9 payload[28]: b0 f7 00 00 06 00 00 50 09 00 00 00 8b 02 00 00 1b 05 00 00 03 00 4c 46 47 00 00 00
[observe]   -> opcode 0xF7B0 (no decoder yet)
[observe]   Frag Seq=13 Id=0x80000000 Count=1 Size=72 Idx=0 Q=9 payload[56]: b0 f7 00 00 06 00 00 50 0a 00 00 00 95 02 00 00 00 00 00 00 02 00 00 00 03 00 00 00 04 00 00 00 ...
[observe]   -> opcode 0xF7B0 (no decoder yet)
[observe]   Frag Seq=14 Id=0x80000000 Count=1 Size=152 Idx=0 Q=9 payload[136]: e0 f7 00 00 7c 00 57 65 6c 63 6f 6d 65 20 74 6f 20 41 73 68 65 72 6f 6e 27 73 20 43 61 6c 6c 0a ...
[observe]   -> ServerMessage(chatType=0x0): "Welcome to Asheron's Call
  powered by ACEmulator

For more information on comma..."
[observe]   -> sent Ack(8) [24 bytes] to 127.0.0.1:9000
[observe] #8 from 127.0.0.1:9001: Seq=9 Id=11 Iter=1 Flags=EncryptedChecksum, BlobFragments Size=29 CRC=0x451312D6  [CRC_OK]
[observe]   Frag Seq=15 Id=0x80000000 Count=1 Size=29 Idx=0 Q=9 payload[13]: cd 02 00 00 00 7d 00 00 00 74 01 00 00
[observe]   -> opcode 0x02CD (no decoder yet)
[observe]   -> sent Ack(9) [24 bytes] to 127.0.0.1:9000
[observe] #9 from 127.0.0.1:9001: Seq=10 Id=11 Iter=1 Flags=EncryptedChecksum, BlobFragments Size=452 CRC=0x59A71F34  [CRC_OK]
[observe]   Frag Seq=16 Id=0x80000000 Count=1 Size=24 Idx=0 Q=10 payload[8]: 46 f7 00 00 06 00 00 50
[observe]   -> PlayerCreate: guid=0x50000006
[observe]   Frag Seq=17 Id=0x80000000 Count=1 Size=428 Idx=0 Q=10 payload[412]: 45 f7 00 00 06 00 00 50 11 09 17 24 7e 00 b1 1f 18 08 b6 02 00 18 bc 02 20 08 f3 05 40 08 8b 06 ...
[ObjectCreateDecoder] decode failed at offset 412/412: MessageReader non-zero pad byte at local offset 410 (absolute 410, context: String16L tail): 0x04. Cursor is likely desynchronized.
[ObjectCreateDecoder] payload hex:
  0000: 45 F7 00 00 06 00 00 50 11 09 17 24 7E 00 B1 1F 
  0016: 18 08 B6 02 00 18 BC 02 20 08 F3 05 40 08 8B 06 
  0032: 48 08 F3 05 28 18 97 06 5C 04 F3 05 FA 06 F3 05 
  0048: A0 08 10 98 00 B7 10 10 4C 02 FF 10 10 F5 02 56 
  0064: 11 10 5C 02 8F 11 00 B0 0B B0 0B 00 BE 0C BE 0C 
  0080: 05 D8 03 A1 00 01 D8 03 A1 00 09 D5 03 5F 02 09 
  0096: D4 03 5E 02 00 B0 0B 5D 02 00 BE 0C EA 0C 0A DD 
  0112: 03 BE 02 0D DD 03 BE 02 0B DB 03 0D 14 0E DB 03 
  0128: 0D 14 10 A3 0C C9 0E 02 DA 03 CB 03 06 DA 03 CB 
  0144: 03 03 C0 0C CE 03 07 C0 0C CE 03 04 DC 03 CE 03 
  0160: 08 DC 03 CE 03 10 F6 47 00 0B 12 05 FB 11 01 0C 
  0176: 12 09 54 00 00 4E 00 0A 55 00 0D 57 00 0B 56 00 
  0192: 0E 59 00 10 6E 09 02 2A 12 06 28 12 03 11 12 07 
  0208: 10 12 04 0E 12 08 0F 12 0C 58 00 0F 5B 00 11 EC 
  0224: 01 12 EC 01 13 EC 01 14 EC 01 15 EC 01 16 EC 01 
  0240: 17 EC 01 18 EC 01 19 EC 01 1A EC 01 1B EC 01 1C 
  0256: EC 01 1D EC 01 1E EC 01 1F EC 01 20 EC 01 21 EC 
  0272: 01 00 00 00 03 98 01 00 10 44 40 00 0C 00 00 00 
  0288: 00 00 3D 00 03 00 00 00 3D 00 03 00 00 00 00 00 
  0304: AD 01 02 86 4F 1E 45 41 23 DB E3 C1 00 D7 A3 3B 
  0320: 54 8A AD 3E 00 00 00 00 00 00 00 00 A7 D8 70 3F 
  0336: 01 00 00 09 01 00 00 20 04 00 00 34 01 00 00 02 
  0352: 00 00 00 00 00 00 00 00 00 00 00 00 00 00 00 00 
  0368: 04 00 00 00 36 00 80 00 0A 00 48 65 61 64 6C 65 
  0384: 73 73 30 31 01 00 36 10 10 00 00 00 1C 00 00 00 
  0400: 66 07 01 00 00 00 00 00 00 3F 04 00 
[observe]   -> opcode 0xF745 (no decoder yet)
[observe]   -> sent Ack(10) [24 bytes] to 127.0.0.1:9000
[observe] #10 from 127.0.0.1:9001: Seq=11 Id=11 Iter=1 Flags=EncryptedChecksum, BlobFragments Size=464 CRC=0x00DBCDF7  [CRC_OK]
[observe]   Frag Seq=18 Id=0x80000000 Count=1 Size=152 Idx=0 Q=10 payload[136]: 45 f7 00 00 4a 02 00 80 11 00 00 00 01 18 02 00 14 04 00 00 65 00 00 00 14 00 00 20 2b 00 00 34 ...
[ObjectCreateDecoder] decode failed at offset 78/136: MessageReader underflow at local offset 78 (absolute 78): needed 28534, remaining 58.
[ObjectCreateDecoder] payload hex:
  0000: 45 F7 00 00 4A 02 00 80 11 00 00 00 01 18 02 00 
  0016: 14 04 00 00 65 00 00 00 14 00 00 20 2B 00 00 34 
  0032: 79 01 00 02 00 00 00 00 00 00 00 00 00 00 00 00 
  0048: 00 00 00 00 00 00 00 00 90 70 49 10 11 00 42 6C 
  0064: 61 63 6B 6D 6F 6F 72 27 73 20 46 61 76 6F 72 00 
  0080: 18 79 8D 4D 00 08 00 00 12 00 00 04 06 00 00 00 
  0096: 08 00 00 00 10 00 00 00 01 00 00 00 01 00 01 00 
  0112: 06 00 00 50 00 00 00 00 E3 0E 0B 00 03 00 00 00 
  0128: 00 00 00 00 00 00 3E 40 
[observe]   -> opcode 0xF745 (no decoder yet)
[observe]   Frag Seq=19 Id=0x80000000 Count=1 Size=152 Idx=0 Q=10 payload[136]: 45 f7 00 00 49 02 00 80 11 01 02 01 7e 00 f3 05 a0 08 00 ce 03 ce 03 00 cb 03 cb 03 00 8c 04 00 ...
[ObjectCreateDecoder] decode failed at offset 98/136: MessageReader underflow at local offset 98 (absolute 98): needed 115, remaining 38.
[ObjectCreateDecoder] payload hex:
  0000: 45 F7 00 00 49 02 00 80 11 01 02 01 7E 00 F3 05 
  0016: A0 08 00 CE 03 CE 03 00 CB 03 CB 03 00 8C 04 00 
  0032: 01 18 02 00 14 04 00 00 65 00 00 00 14 00 00 20 
  0048: 2B 00 00 34 D0 00 00 02 00 00 00 00 00 00 00 00 
  0064: 00 00 00 00 00 00 00 00 00 00 00 00 18 80 27 00 
  0080: 0D 00 4C 65 61 74 68 65 72 20 42 6F 6F 74 73 00 
  0096: 73 00 E0 16 02 00 00 00 12 00 00 00 4C 04 00 00 
  0112: 01 00 00 00 06 00 00 50 80 01 00 00 80 01 00 00 
  0128: 00 00 01 00 A4 01 00 00 
[observe]   -> opcode 0xF745 (no decoder yet)
[observe]   Frag Seq=20 Id=0x80000000 Count=1 Size=160 Idx=0 Q=10 payload[144]: 45 f7 00 00 48 02 00 80 11 02 03 01 7e 00 f3 05 40 08 8b 06 48 08 00 d8 03 a1 00 00 b0 0b b0 0b ...
[ObjectCreateDecoder] decode failed at offset 106/144: MessageReader underflow at local offset 106 (absolute 106): needed 2604, remaining 38.
[ObjectCreateDecoder] payload hex:
  0000: 45 F7 00 00 48 02 00 80 11 02 03 01 7E 00 F3 05 
  0016: 40 08 8B 06 48 08 00 D8 03 A1 00 00 B0 0B B0 0B 
  0032: 00 BE 0C BE 0C 00 DE 09 01 18 02 00 14 04 00 00 
  0048: 65 00 00 00 14 00 00 20 2B 00 00 34 10 02 00 02 
  0064: 00 00 00 00 00 00 00 00 00 00 00 00 00 00 00 00 
  0080: 00 00 00 00 18 80 27 00 0D 00 57 69 64 65 20 42 
  0096: 72 65 65 63 68 65 73 00 2C 0A D2 18 04 00 00 00 
  0112: 12 00 00 00 14 00 00 00 01 00 00 00 06 00 00 50 
  0128: 44 00 00 00 44 00 00 00 13 00 00 00 5A 00 00 00 
[observe]   -> opcode 0xF745 (no decoder yet)
[observe]   -> sent Ack(11) [24 bytes] to 127.0.0.1:9000
[observe] #11 from 127.0.0.1:9001: Seq=12 Id=11 Iter=1 Flags=EncryptedChecksum, BlobFragments Size=464 CRC=0xD391567D  [CRC_OK]
[observe]   Frag Seq=21 Id=0x80000000 Count=1 Size=168 Idx=0 Q=10 payload[152]: 45 f7 00 00 47 02 00 80 11 02 06 01 7e 00 f3 05 28 18 97 06 5c 04 00 d5 03 5f 02 00 d5 03 5e 02 ...
[ObjectCreateDecoder] decode failed at offset 152/152: MessageReader underflow at local offset 152 (absolute 152): needed 1, remaining 0.
[ObjectCreateDecoder] payload hex:
  0000: 45 F7 00 00 47 02 00 80 11 02 06 01 7E 00 F3 05 
  0016: 28 18 97 06 5C 04 00 D5 03 5F 02 00 D5 03 5E 02 
  0032: 00 B0 0B 5D 02 00 BE 0C EA 0C 00 C4 02 0D 14 00 
  0048: CC 02 BE 02 00 74 04 00 01 18 02 00 14 04 00 00 
  0064: 65 00 00 00 14 00 00 20 2B 00 00 34 D4 00 00 02 
  0080: 00 00 00 00 00 00 00 00 00 00 00 00 00 00 00 00 
  0096: 00 00 00 00 18 80 27 00 05 00 53 68 69 72 74 00 
  0112: 82 00 ED 0F 04 00 00 00 12 00 00 00 0F 00 00 00 
  0128: 01 00 00 00 06 00 00 50 1E 00 00 00 1E 00 00 00 
  0144: 68 00 00 00 4B 00 00 00 
[observe]   -> opcode 0xF745 (no decoder yet)
[observe]   Frag Seq=22 Id=0x80000000 Count=1 Size=140 Idx=0 Q=10 payload[124]: 45 f7 00 00 46 02 00 80 11 01 01 01 7e 00 f3 05 fa 06 00 a3 0c c9 0e 00 81 04 00 00 01 18 02 00 ...
[ObjectCreateDecoder] decode failed at offset 124/124: MessageReader underflow at local offset 124 (absolute 124): needed 1, remaining 0.
[ObjectCreateDecoder] payload hex:
  0000: 45 F7 00 00 46 02 00 80 11 01 01 01 7E 00 F3 05 
  0016: FA 06 00 A3 0C C9 0E 00 81 04 00 00 01 18 02 00 
  0032: 14 04 00 00 65 00 00 00 14 00 00 20 2B 00 00 34 
  0048: D3 00 00 02 00 00 00 00 00 00 00 00 00 00 00 00 
  0064: 00 00 00 00 00 00 00 00 18 80 27 10 03 00 43 61 
  0080: 70 00 00 00 76 00 EE 16 04 00 00 00 12 00 00 00 
  0096: F2 03 00 00 01 00 00 00 06 00 00 50 01 00 00 00 
  0112: 01 00 00 00 00 40 00 00 17 00 02 00 
[observe]   -> opcode 0xF745 (no decoder yet)
[observe]   Frag Seq=26 Id=0x80000000 Count=1 Size=156 Idx=0 Q=10 payload[140]: 45 f7 00 00 2d 20 60 78 11 00 00 00 03 98 01 00 1c 00 01 00 0c 00 00 00 00 00 3d 00 03 00 00 00 ...
[ObjectCreateDecoder] decode failed at offset 130/140: MessageReader underflow at local offset 130 (absolute 130): needed 4116, remaining 10.
[ObjectCreateDecoder] payload hex:
  0000: 45 F7 00 00 2D 20 60 78 11 00 00 00 03 98 01 00 
  0016: 1C 00 01 00 0C 00 00 00 00 00 3D 00 03 00 00 00 
  0032: 3D 00 0B 00 00 00 00 00 B4 01 02 86 4B C8 70 41 
  0048: 35 EF EF C1 00 00 A8 B3 F7 04 35 BF 00 00 00 00 
  0064: 00 00 00 00 F7 04 35 BF 86 00 00 09 22 00 00 20 
  0080: 2B 00 00 34 DA 05 00 02 00 00 A1 00 A1 00 00 00 
  0096: 00 00 A1 00 00 00 00 00 00 00 00 00 30 00 00 00 
  0112: 04 00 44 6F 6F 72 00 00 A1 31 17 13 80 00 00 00 
  0128: 14 10 00 00 20 00 00 00 00 00 00 40 
[observe]   -> opcode 0xF745 (no decoder yet)
[observe]   -> sent Ack(12) [24 bytes] to 127.0.0.1:9000
[observe] #12 from 127.0.0.1:9001: Seq=13 Id=11 Iter=1 Flags=EncryptedChecksum, BlobFragments Size=396 CRC=0xB6CFF120  [CRC_OK]
[observe]   Frag Seq=23 Id=0x80000000 Count=1 Size=396 Idx=0 Q=10 payload[380]: 45 f7 00 00 d1 01 00 80 11 0b 0f 23 7e 00 c1 1f 18 08 a4 04 00 18 ae 04 20 08 78 10 f0 0a 75 10 ...
[ObjectCreateDecoder] decode failed at offset 354/380: MessageReader underflow at local offset 354 (absolute 354): needed 114, remaining 26.
[ObjectCreateDecoder] payload hex:
  0000: 45 F7 00 00 D1 01 00 80 11 0B 0F 23 7E 00 C1 1F 
  0016: 18 08 A4 04 00 18 AE 04 20 08 78 10 F0 0A 75 10 
  0032: FA 06 75 10 28 18 75 10 40 08 75 10 48 08 75 10 
  0048: 6C 08 75 10 80 08 8B 06 5C 04 10 4C 02 42 10 10 
  0064: F5 02 72 10 10 5C 02 98 10 00 79 18 5D 02 00 78 
  0080: 18 EA 0C 01 80 18 A1 00 02 7F 18 CF 03 05 80 18 
  0096: A1 00 06 7F 18 CF 03 09 06 17 BD 02 09 00 17 5E 
  0112: 02 0A 7B 18 BE 02 0B 7A 18 0D 14 0D 7B 18 BE 02 
  0128: 0E 7A 18 0D 14 10 F9 47 10 70 21 00 19 1A 01 0D 
  0144: 1A 02 06 1A 03 EC 01 04 EC 01 05 11 1A 06 09 1A 
  0160: 07 EC 01 08 EC 01 09 62 19 0A F7 19 0B ED 19 0D 
  0176: FF 19 0E EF 19 0C B7 04 0F C3 04 11 EC 01 12 EC 
  0192: 01 13 EC 01 14 EC 01 15 EC 01 16 EC 01 17 EC 01 
  0208: 18 EC 01 19 EC 01 1A EC 01 1B EC 01 1C EC 01 1D 
  0224: EC 01 1E EC 01 1F EC 01 20 EC 01 21 EC 01 00 00 
  0240: 03 88 01 00 18 04 60 00 0C 00 00 00 00 00 3D 00 
  0256: 03 00 00 00 3D 00 03 00 00 00 00 00 AD 01 02 86 
  0272: 8B 60 1D 41 AA E0 FD C1 00 D4 A3 3B F2 F3 58 3F 
  0288: 00 00 00 00 00 00 00 00 1B E5 07 3F 01 00 00 09 
  0304: 02 00 00 20 4E 00 00 02 00 00 02 00 00 00 00 00 
  0320: 00 00 02 00 00 00 02 00 00 00 00 00 36 00 90 00 
  0336: 0F 00 53 6F 63 69 65 74 79 20 47 72 65 65 74 65 
  0352: 72 00 00 00 0F 79 36 10 10 00 00 00 04 00 00 00 
  0368: FF FF 20 00 00 00 00 00 40 40 08 04 
[observe]   -> opcode 0xF745 (no decoder yet)
[observe]   -> sent Ack(13) [24 bytes] to 127.0.0.1:9000
[observe] #13 from 127.0.0.1:9001: Seq=14 Id=11 Iter=1 Flags=EncryptedChecksum, BlobFragments Size=336 CRC=0xA88D71E8  [CRC_OK]
[observe]   Frag Seq=24 Id=0x80000000 Count=1 Size=164 Idx=0 Q=10 payload[148]: 45 f7 00 00 fe 01 00 80 11 00 00 00 05 98 02 00 14 04 00 00 65 00 00 00 ad 01 02 86 e3 a5 f7 40 ...
[ObjectCreateDecoder] decode failed at offset 122/148: MessageReader underflow at local offset 122 (absolute 122): needed 5090, remaining 26.
[ObjectCreateDecoder] payload hex:
  0000: 45 F7 00 00 FE 01 00 80 11 00 00 00 05 98 02 00 
  0016: 14 04 00 00 65 00 00 00 AD 01 02 86 E3 A5 F7 40 
  0032: F2 D2 F0 C1 03 AA 71 3F F3 E4 33 3F 00 00 00 00 
  0048: 00 00 00 00 2D 23 36 BF 14 00 00 20 2B 00 00 34 
  0064: EB 00 00 02 00 00 00 00 00 00 00 00 BC 29 6D 36 
  0080: 00 00 00 00 00 00 00 00 00 00 00 00 00 00 00 00 
  0096: 00 00 00 00 10 30 21 00 0D 00 42 72 75 69 73 65 
  0112: 64 20 41 70 70 6C 65 00 E2 13 49 10 20 00 00 00 
  0128: 10 80 00 00 08 00 00 00 01 00 64 00 00 00 00 00 
  0144: 32 00 00 00 
[observe]   -> opcode 0xF745 (no decoder yet)
[observe]   Frag Seq=28 Id=0x80000000 Count=1 Size=172 Idx=0 Q=10 payload[156]: 45 f7 00 00 fb 01 00 80 11 01 01 01 7e 00 e7 05 a8 06 00 40 20 27 01 00 86 04 00 00 01 98 02 00 ...
[ObjectCreateDecoder] decode failed at offset 126/156: MessageReader underflow at local offset 126 (absolute 126): needed 29797, remaining 30.
[ObjectCreateDecoder] payload hex:
  0000: 45 F7 00 00 FB 01 00 80 11 01 01 01 7E 00 E7 05 
  0016: A8 06 00 40 20 27 01 00 86 04 00 00 01 98 02 00 
  0032: 14 04 00 00 65 00 00 00 B0 01 02 86 38 E7 92 41 
  0048: E3 C7 A8 C1 00 00 C0 33 96 42 6C BF 00 00 00 00 
  0064: 00 00 00 00 D9 26 C5 3E 14 00 00 20 2B 00 00 34 
  0080: D8 00 00 02 00 00 00 00 00 00 00 00 00 00 00 00 
  0096: 00 00 00 00 00 00 00 00 10 00 25 00 11 00 4C 65 
  0112: 61 74 68 65 72 20 47 61 75 6E 74 6C 65 74 73 00 
  0128: B8 33 B7 0F 02 00 00 00 12 00 00 00 01 00 00 00 
  0144: 20 00 00 00 00 80 00 00 0E 01 00 00 
[observe]   -> opcode 0xF745 (no decoder yet)
[observe]   -> sent Ack(14) [24 bytes] to 127.0.0.1:9000
[observe] #14 from 127.0.0.1:9001: Seq=15 Id=11 Iter=1 Flags=EncryptedChecksum, BlobFragments Size=460 CRC=0x89A15C7B  [CRC_OK]
[observe]   Frag Seq=25 Id=0x80000000 Count=1 Size=460 Idx=0 Q=10 payload[444]: 45 f7 00 00 05 00 00 50 11 0a 1b 26 7e 00 be 1f 18 08 ab 04 00 18 bd 02 20 08 f3 05 40 08 8b 06 ...
[ObjectCreateDecoder] decode failed at offset 444/444: MessageReader non-zero pad byte at local offset 442 (absolute 442, context: String16L tail): 0x04. Cursor is likely desynchronized.
[ObjectCreateDecoder] payload hex:
  0000: 45 F7 00 00 05 00 00 50 11 0A 1B 26 7E 00 BE 1F 
  0016: 18 08 AB 04 00 18 BD 02 20 08 F3 05 40 08 8B 06 
  0032: 48 08 F3 05 28 18 97 06 5C 04 F3 05 FA 06 E7 05 
  0048: A8 06 F3 05 A0 08 10 98 00 B7 10 10 4C 02 00 11 
  0064: 10 F5 02 55 11 10 5C 02 85 11 00 B0 0B B0 0B 00 
  0080: BE 0C BE 0C 05 D8 03 A1 00 01 D8 03 A1 00 06 DA 
  0096: 03 CF 03 02 DA 03 CF 03 09 D5 03 5F 02 09 D4 03 
  0112: 5E 02 00 B0 0B 5D 02 00 BE 0C EA 0C 0A CC 02 BE 
  0128: 02 0D CC 02 BE 02 0B C4 02 0D 14 0E C4 02 0D 14 
  0144: 10 A3 0C C9 0E 0F D3 03 41 20 0C D3 03 41 20 02 
  0160: DA 03 CB 03 06 DA 03 CB 03 03 C0 0C CE 03 07 C0 
  0176: 0C CE 03 04 DC 03 CE 03 08 DC 03 CE 03 10 F6 47 
  0192: 00 4E 00 05 53 00 01 4F 00 06 00 12 02 FF 11 09 
  0208: 54 00 00 0B 12 0A 2E 12 0D 2D 12 0B F4 11 0E F5 
  0224: 11 10 6E 09 0F 77 00 0C 76 00 02 2A 12 06 28 12 
  0240: 03 11 12 07 10 12 04 0E 12 08 0F 12 11 EC 01 12 
  0256: EC 01 13 EC 01 14 EC 01 15 EC 01 16 EC 01 17 EC 
  0272: 01 18 EC 01 19 EC 01 1A EC 01 1B EC 01 1C EC 01 
  0288: 1D EC 01 1E EC 01 1F EC 01 20 EC 01 21 EC 01 00 
  0304: 03 98 01 00 08 04 40 00 10 00 00 00 00 00 3D 00 
  0320: 43 00 00 00 3D 00 03 00 00 00 10 40 00 00 00 00 
  0336: AD 01 02 86 98 90 A1 40 C0 E5 EF C1 00 D6 A3 3B 
  0352: A0 0F 35 3F 00 00 00 00 00 00 00 00 46 FA 34 BF 
  0368: 01 00 00 09 01 00 00 20 04 00 00 34 01 00 00 02 
  0384: AC 46 1F 02 01 00 00 00 00 00 1F 02 00 00 00 00 
  0400: 04 00 00 00 36 00 80 00 08 00 50 69 6C 6F 74 2D 
  0416: 30 31 00 00 01 00 36 10 10 00 00 00 1C 00 00 00 
  0432: 66 07 01 00 00 00 00 00 00 3F 04 00 
[observe]   -> opcode 0xF745 (no decoder yet)
[observe]   -> sent Ack(15) [24 bytes] to 127.0.0.1:9000
[observe] #15 from 127.0.0.1:9001: Seq=16 Id=11 Iter=1 Flags=EncryptedChecksum, BlobFragments Size=388 CRC=0x26E9C6E6  [CRC_OK]
[observe]   Frag Seq=27 Id=0x80000000 Count=1 Size=388 Idx=0 Q=10 payload[372]: 45 f7 00 00 ce 01 00 80 11 0b 0f 23 7e 00 db 1f 18 08 ba 02 00 18 bd 02 20 08 8b 06 f0 0a f0 05 ...
[ObjectCreateDecoder] decode failed at offset 372/372: MessageReader non-zero pad byte at local offset 370 (absolute 370, context: String16L tail): 0x08. Cursor is likely desynchronized.
[ObjectCreateDecoder] payload hex:
  0000: 45 F7 00 00 CE 01 00 80 11 0B 0F 23 7E 00 DB 1F 
  0016: 18 08 BA 02 00 18 BD 02 20 08 8B 06 F0 0A F0 05 
  0032: FA 06 F0 05 28 18 F0 05 40 08 F0 05 48 08 F0 05 
  0048: 6C 08 F0 05 80 08 8B 06 5C 04 10 4C 02 13 11 10 
  0064: F5 02 74 11 10 5C 02 D3 11 00 79 18 5D 02 00 78 
  0080: 18 EA 0C 01 80 18 A1 00 02 7F 18 CF 03 05 80 18 
  0096: A1 00 06 7F 18 CF 03 09 D5 03 5F 02 09 D4 03 5E 
  0112: 02 0A 7B 18 BE 02 0B 7A 18 0D 14 0D 7B 18 BE 02 
  0128: 0E 7A 18 0D 14 10 32 48 10 70 21 00 16 1A 01 0D 
  0144: 1A 02 06 1A 03 EC 01 04 EC 01 05 11 1A 06 09 1A 
  0160: 07 EC 01 08 EC 01 09 0D 12 0A F7 19 0B ED 19 0D 
  0176: FF 19 0E EF 19 0C 58 00 0F 5B 00 11 EC 01 12 EC 
  0192: 01 13 EC 01 14 EC 01 15 EC 01 16 EC 01 17 EC 01 
  0208: 18 EC 01 19 EC 01 1A EC 01 1B EC 01 1C EC 01 1D 
  0224: EC 01 1E EC 01 1F EC 01 20 EC 01 21 EC 01 00 00 
  0240: 03 88 01 00 18 04 60 00 0C 00 00 00 00 00 3D 00 
  0256: 03 00 00 00 3D 00 03 00 00 00 00 00 B0 01 02 86 
  0272: 44 E9 B0 41 D1 22 99 C1 80 D7 A3 3B FB 40 82 3E 
  0288: 00 00 00 00 00 00 00 00 CD 93 77 3F 01 00 00 09 
  0304: 01 00 00 20 01 00 00 02 00 00 00 00 00 00 00 00 
  0320: 00 00 00 00 00 00 02 00 00 00 00 00 36 00 90 00 
  0336: 08 00 4A 6F 6E 61 74 68 61 6E 00 00 8C 72 36 10 
  0352: 10 00 00 00 04 00 00 00 FF FF 20 00 00 00 00 00 
  0368: 40 40 08 04 
[observe]   -> opcode 0xF745 (no decoder yet)
[observe]   -> sent Ack(16) [24 bytes] to 127.0.0.1:9000
[observe] #16 from 127.0.0.1:9001: Seq=17 Id=11 Iter=1 Flags=EncryptedChecksum, BlobFragments Size=344 CRC=0x4DB112D5  [CRC_OK]
[observe]   Frag Seq=29 Id=0x80000000 Count=1 Size=176 Idx=0 Q=10 payload[160]: 45 f7 00 00 fa 01 00 80 11 01 02 01 7e 00 e7 05 98 08 00 d8 03 fa 0e 00 da 03 fa 0e 00 4d 06 00 ...
[ObjectCreateDecoder] decode failed at offset 130/160: MessageReader underflow at local offset 130 (absolute 130): needed 29543, remaining 30.
[ObjectCreateDecoder] payload hex:
  0000: 45 F7 00 00 FA 01 00 80 11 01 02 01 7E 00 E7 05 
  0016: 98 08 00 D8 03 FA 0E 00 DA 03 FA 0E 00 4D 06 00 
  0032: 01 98 02 00 14 04 00 00 65 00 00 00 B6 01 02 86 
  0048: E8 59 8E 41 79 E9 26 C2 00 D7 23 BB 26 A7 F6 BE 
  0064: 00 00 00 00 00 00 00 00 FC 55 60 BF 14 00 00 20 
  0080: 2B 00 00 34 A8 01 00 02 00 00 00 00 00 00 00 00 
  0096: 00 00 00 00 00 00 00 00 00 00 00 00 10 00 25 00 
  0112: 10 00 4C 65 61 74 68 65 72 20 4C 65 67 67 69 6E 
  0128: 67 73 00 00 B9 33 D8 0F 02 00 00 00 12 00 00 00 
  0144: 01 00 00 00 00 60 00 00 00 03 00 00 C0 03 00 00 
[observe]   -> opcode 0xF745 (no decoder yet)
[observe]   Frag Seq=30 Id=0x80000000 Count=1 Size=168 Idx=0 Q=10 payload[152]: 45 f7 00 00 fc 01 00 80 11 00 00 00 01 98 02 00 14 04 00 00 65 00 00 00 b6 01 02 86 c1 ca 8e 41 ...
[ObjectCreateDecoder] decode failed at offset 110/152: MessageReader underflow at local offset 110 (absolute 110): needed 29268, remaining 42.
[ObjectCreateDecoder] payload hex:
  0000: 45 F7 00 00 FC 01 00 80 11 00 00 00 01 98 02 00 
  0016: 14 04 00 00 65 00 00 00 B6 01 02 86 C1 CA 8E 41 
  0032: DE B1 17 C2 CD CA A1 3D 4B CC FB BE 00 00 00 00 
  0048: 00 00 00 00 FB E6 5E BF 14 00 00 20 2B 00 00 34 
  0064: 55 01 00 02 00 00 00 00 00 00 00 00 00 00 00 00 
  0080: 00 00 00 00 00 00 00 00 30 00 20 00 20 00 52 65 
  0096: 73 74 6F 72 69 6E 67 20 74 68 65 20 54 72 61 69 
  0112: 6E 69 6E 67 20 41 63 61 64 65 6D 69 65 73 00 00 
  0128: B5 33 C3 23 00 20 00 00 10 01 00 00 08 00 00 00 
  0144: 00 00 80 3F 05 00 00 00 
[observe]   -> opcode 0xF745 (no decoder yet)
[observe]   -> sent Ack(17) [24 bytes] to 127.0.0.1:9000
[observe] #17 from 127.0.0.1:9001: Seq=18 Id=11 Iter=1 Flags=EncryptedChecksum, BlobFragments Size=460 CRC=0x0DE8ABE8  [CRC_OK]
[observe]   Frag Seq=31 Id=0x80000000 Count=1 Size=168 Idx=0 Q=10 payload[152]: 45 f7 00 00 fd 01 00 80 11 01 01 01 7e 00 e7 05 fa 06 00 a3 0c c9 0e 00 81 04 00 00 01 98 02 00 ...
[ObjectCreateDecoder] decode failed at offset 126/152: MessageReader underflow at local offset 126 (absolute 126): needed 13239, remaining 26.
[ObjectCreateDecoder] payload hex:
  0000: 45 F7 00 00 FD 01 00 80 11 01 01 01 7E 00 E7 05 
  0016: FA 06 00 A3 0C C9 0E 00 81 04 00 00 01 98 02 00 
  0032: 14 04 00 00 65 00 00 00 B6 01 02 86 AC AD B1 41 
  0048: C3 E4 20 C2 AD 47 01 3F 67 72 D1 3D 00 00 00 00 
  0064: 00 00 00 00 62 A8 7E BF 14 00 00 20 2B 00 00 34 
  0080: D3 00 00 02 00 00 00 00 00 00 00 00 00 00 00 00 
  0096: 00 00 00 00 00 00 00 00 10 00 25 10 0B 00 4C 65 
  0112: 61 74 68 65 72 20 43 61 70 00 00 00 B7 33 57 13 
  0128: 02 00 00 00 12 00 00 00 01 00 00 00 01 00 00 00 
  0144: 00 40 00 00 64 00 02 00 
[observe]   -> opcode 0xF745 (no decoder yet)
[observe]   Frag Seq=32 Id=0x80000000 Count=1 Size=144 Idx=0 Q=10 payload[128]: 45 f7 00 00 2a 20 60 78 11 00 00 00 01 80 02 00 18 04 00 00 65 00 00 00 b1 01 02 86 de 13 b0 41 ...
[ObjectCreateDecoder] decode failed at offset 102/128: MessageReader underflow at local offset 102 (absolute 102): needed 5141, remaining 26.
[ObjectCreateDecoder] payload hex:
  0000: 45 F7 00 00 2A 20 60 78 11 00 00 00 01 80 02 00 
  0016: 18 04 00 00 65 00 00 00 B1 01 02 86 DE 13 B0 41 
  0032: 66 E6 EA C1 00 00 40 32 7E 36 36 3F 00 00 00 00 
  0048: 00 00 00 00 67 D1 33 BF 2E 06 00 02 00 00 00 00 
  0064: 00 00 00 00 00 00 00 00 00 00 00 00 00 00 00 00 
  0080: 38 00 20 00 0E 00 56 49 45 57 20 43 4F 4E 54 52 
  0096: 4F 4C 53 20 15 14 D3 12 00 20 00 00 14 01 00 00 
  0112: 7D 00 00 00 30 00 00 00 00 00 A0 40 28 23 00 00 
[observe]   -> opcode 0xF745 (no decoder yet)
[observe]   Frag Seq=38 Id=0x80000000 Count=1 Size=148 Idx=0 Q=10 payload[132]: 45 f7 00 00 44 20 60 78 11 00 00 00 01 80 02 00 18 04 00 00 65 00 00 00 38 02 02 86 21 b0 70 42 ...
[ObjectCreateDecoder] decode failed at offset 102/132: MessageReader underflow at local offset 102 (absolute 102): needed 32, remaining 30.
[ObjectCreateDecoder] payload hex:
  0000: 45 F7 00 00 44 20 60 78 11 00 00 00 01 80 02 00 
  0016: 18 04 00 00 65 00 00 00 38 02 02 86 21 B0 70 42 
  0032: 5C 8F 62 C1 00 00 A8 B3 F7 04 35 3F 00 00 00 00 
  0048: 00 00 00 00 F7 04 35 BF 2E 06 00 02 00 00 00 00 
  0064: 00 00 00 00 00 00 00 00 00 00 00 00 00 00 00 00 
  0080: 38 00 20 00 0F 00 57 49 45 4C 44 49 4E 47 20 49 
  0096: 54 45 4D 53 20 00 00 00 ED 13 D3 12 00 20 00 00 
  0112: 14 01 00 00 7D 00 00 00 30 00 00 00 00 00 A0 40 
  0128: 28 23 00 00 
[observe]   -> opcode 0xF745 (no decoder yet)
[observe]   -> sent Ack(18) [24 bytes] to 127.0.0.1:9000
[observe] #18 from 127.0.0.1:9001: Seq=19 Id=11 Iter=1 Flags=EncryptedChecksum, BlobFragments Size=384 CRC=0x861CFB12  [CRC_OK]
[observe]   Frag Seq=33 Id=0x80000000 Count=1 Size=384 Idx=0 Q=10 payload[368]: 45 f7 00 00 d4 01 00 80 11 0b 0f 23 7e 00 c5 1f 18 08 ad 04 00 18 ae 04 20 08 78 10 f0 0a 75 10 ...
[ObjectCreateDecoder] decode failed at offset 360/368: MessageReader non-zero pad byte at local offset 358 (absolute 358, context: String16L tail): 0x20. Cursor is likely desynchronized.
[ObjectCreateDecoder] payload hex:
  0000: 45 F7 00 00 D4 01 00 80 11 0B 0F 23 7E 00 C5 1F 
  0016: 18 08 AD 04 00 18 AE 04 20 08 78 10 F0 0A 75 10 
  0032: FA 06 D5 0F 28 18 D5 0F 40 08 D5 0F 48 08 D5 0F 
  0048: 6C 08 D5 0F 80 08 77 04 5C 04 10 4C 02 12 11 10 
  0064: F5 02 74 11 10 5C 02 89 11 00 79 18 5D 02 00 78 
  0080: 18 EA 0C 01 80 18 A1 00 02 7F 18 CF 03 05 80 18 
  0096: A1 00 06 7F 18 CF 03 09 D5 03 5F 02 09 D4 03 5E 
  0112: 02 0A 7B 18 BE 02 0B 7A 18 0D 14 0D 7B 18 BE 02 
  0128: 0E 7A 18 0D 14 10 11 48 10 70 21 00 16 1A 01 0D 
  0144: 1A 02 06 1A 03 EC 01 04 EC 01 05 11 1A 06 09 1A 
  0160: 07 EC 01 08 EC 01 09 0D 12 0A F7 19 0B ED 19 0D 
  0176: FF 19 0E EF 19 0C 58 00 0F 5B 00 11 EC 01 12 EC 
  0192: 01 13 EC 01 14 EC 01 15 EC 01 16 EC 01 17 EC 01 
  0208: 18 EC 01 19 EC 01 1A EC 01 1B EC 01 1C EC 01 1D 
  0224: EC 01 1E EC 01 1F EC 01 20 EC 01 21 EC 01 00 00 
  0240: 03 88 01 00 18 04 60 00 0C 00 00 00 00 00 3D 00 
  0256: 03 00 00 00 3D 00 03 00 00 00 00 00 B1 01 02 86 
  0272: B6 04 AF 41 1C EB F4 C1 00 E0 A3 3B 6E 8F 7D 3F 
  0288: 00 00 00 00 00 00 00 00 0B 09 0D 3E 01 00 00 09 
  0304: 01 00 00 20 01 00 00 02 00 00 02 00 00 00 00 00 
  0320: 00 00 02 00 00 00 02 00 00 00 00 00 36 00 90 00 
  0336: 06 00 53 61 6D 75 65 6C 8A 72 F1 0F 10 00 00 00 
  0352: 04 00 00 00 FF FF 20 00 00 00 00 00 40 40 08 04 
[observe]   -> opcode 0xF745 (no decoder yet)
[observe]   -> sent Ack(19) [24 bytes] to 127.0.0.1:9000
[observe] #19 from 127.0.0.1:9001: Seq=20 Id=11 Iter=1 Flags=EncryptedChecksum, BlobFragments Size=464 CRC=0x7F3EED0F  [CRC_OK]
[observe]   Frag Seq=34 Id=0x80000000 Count=1 Size=164 Idx=0 Q=10 payload[148]: 45 f7 00 00 2c 20 60 78 11 00 00 00 03 98 01 00 18 00 01 00 0c 00 00 00 00 00 3d 00 03 00 00 00 ...
[ObjectCreateDecoder] decode failed at offset 130/148: MessageReader underflow at local offset 130 (absolute 130): needed 29329, remaining 18.
[ObjectCreateDecoder] payload hex:
  0000: 45 F7 00 00 2C 20 60 78 11 00 00 00 03 98 01 00 
  0016: 18 00 01 00 0C 00 00 00 00 00 3D 00 03 00 00 00 
  0032: 3D 00 0C 00 00 00 00 00 B2 01 02 86 CC 6E C6 41 
  0048: 6C F8 EF C1 00 00 A8 B3 F7 04 35 BF 00 00 00 00 
  0064: 00 00 00 00 F7 04 35 BF 86 00 00 09 22 00 00 20 
  0080: 2B 00 00 34 DA 05 00 02 00 00 A2 00 A2 00 00 00 
  0096: 00 00 A2 00 00 00 00 00 00 00 00 00 30 00 00 00 
  0112: 0D 00 54 72 61 69 6E 69 6E 67 20 41 72 65 61 00 
  0128: 91 72 17 13 80 00 00 00 14 10 00 00 20 00 00 00 
  0144: 00 00 00 40 
[observe]   -> opcode 0xF745 (no decoder yet)
[observe]   Frag Seq=35 Id=0x80000000 Count=1 Size=156 Idx=0 Q=10 payload[140]: 45 f7 00 00 38 20 60 78 11 00 00 00 03 98 01 00 18 00 01 00 0c 00 00 00 00 00 3d 00 03 00 00 00 ...
[ObjectCreateDecoder] decode failed at offset 130/140: MessageReader underflow at local offset 130 (absolute 130): needed 4116, remaining 10.
[ObjectCreateDecoder] payload hex:
  0000: 45 F7 00 00 38 20 60 78 11 00 00 00 03 98 01 00 
  0016: 18 00 01 00 0C 00 00 00 00 00 3D 00 03 00 00 00 
  0032: 3D 00 0C 00 00 00 00 00 F2 01 02 86 ED 0D 33 42 
  0048: 69 00 A0 C1 00 00 94 B3 F7 04 35 BF 00 00 00 00 
  0064: 00 00 00 00 F7 04 35 BF 16 00 00 09 22 00 00 20 
  0080: 2B 00 00 34 4F 02 00 02 00 00 02 00 02 00 00 00 
  0096: 00 00 02 00 00 00 00 00 00 00 00 00 30 00 00 00 
  0112: 04 00 44 6F 6F 72 00 00 16 01 17 13 80 00 00 00 
  0128: 14 10 00 00 20 00 00 00 00 00 00 40 
[observe]   -> opcode 0xF745 (no decoder yet)
[observe]   Frag Seq=39 Id=0x80000000 Count=1 Size=144 Idx=0 Q=10 payload[128]: 45 f7 00 00 4f 20 60 78 11 00 00 00 01 80 02 00 18 04 00 00 65 00 00 00 6c 02 02 86 9f ad 83 42 ...
[ObjectCreateDecoder] decode failed at offset 102/128: MessageReader underflow at local offset 102 (absolute 102): needed 5102, remaining 26.
[ObjectCreateDecoder] payload hex:
  0000: 45 F7 00 00 4F 20 60 78 11 00 00 00 01 80 02 00 
  0016: 18 04 00 00 65 00 00 00 6C 02 02 86 9F AD 83 42 
  0032: CA 1A BD C0 00 00 00 00 00 00 80 3F 00 00 00 00 
  0048: 00 00 00 00 00 00 00 00 2E 06 00 02 00 00 00 00 
  0064: 00 00 00 00 00 00 00 00 00 00 00 00 00 00 00 00 
  0080: 38 00 20 00 0B 00 43 4F 4D 42 41 54 20 42 41 52 
  0096: 20 00 00 00 EE 13 D3 12 00 20 00 00 14 01 00 00 
  0112: 7D 00 00 00 30 00 00 00 00 00 A0 40 28 23 00 00 
[observe]   -> opcode 0xF745 (no decoder yet)
[observe]   -> sent Ack(20) [24 bytes] to 127.0.0.1:9000
[observe] #20 from 127.0.0.1:9001: Seq=21 Id=11 Iter=1 Flags=EncryptedChecksum, BlobFragments Size=360 CRC=0xD00E82B6  [CRC_OK]
[observe]   Frag Seq=36 Id=0x80000000 Count=1 Size=180 Idx=0 Q=10 payload[164]: 45 f7 00 00 ab 01 00 80 11 01 00 00 48 0f 0c 13 00 00 00 00 83 98 01 00 08 04 00 00 0c 00 00 00 ...
[ObjectCreateDecoder] decode failed at offset 142/164: MessageReader underflow at local offset 142 (absolute 142): needed 12698, remaining 22.
[ObjectCreateDecoder] payload hex:
  0000: 45 F7 00 00 AB 01 00 80 11 01 00 00 48 0F 0C 13 
  0016: 00 00 00 00 83 98 01 00 08 04 00 00 0C 00 00 00 
  0032: 00 00 3D 00 03 00 00 00 3D 00 03 00 00 00 00 00 
  0048: 3A 02 02 86 8B AC 73 42 87 16 A0 C1 C0 75 13 3C 
  0064: 9F 1E 37 BF 00 00 00 00 00 00 00 00 F3 E4 32 BF 
  0080: 81 00 00 09 15 00 00 20 5E 00 00 34 CC 07 00 02 
  0096: 66 66 66 3F 00 00 00 00 00 00 00 00 00 00 00 00 
  0112: 00 00 00 00 00 00 00 00 36 00 80 00 0E 00 53 70 
  0128: 61 72 72 69 6E 67 20 47 6F 6C 65 6D 9A 31 24 12 
  0144: 10 00 00 00 14 00 00 00 FF FF 01 00 00 00 00 00 
  0160: 00 3F 02 00 
[observe]   -> opcode 0xF745 (no decoder yet)
[observe]   Frag Seq=40 Id=0x80000000 Count=1 Size=180 Idx=0 Q=10 payload[164]: 45 f7 00 00 ae 01 00 80 11 01 00 00 48 0f 0c 13 00 00 00 00 83 98 01 00 08 04 00 00 0c 00 00 00 ...
[ObjectCreateDecoder] decode failed at offset 142/164: MessageReader underflow at local offset 142 (absolute 142): needed 12698, remaining 22.
[ObjectCreateDecoder] payload hex:
  0000: 45 F7 00 00 AE 01 00 80 11 01 00 00 48 0F 0C 13 
  0016: 00 00 00 00 83 98 01 00 08 04 00 00 0C 00 00 00 
  0032: 00 00 3D 00 03 00 00 00 3D 00 03 00 00 00 00 00 
  0048: 6C 02 02 86 25 D5 8B 42 CB 10 34 C1 80 74 13 3C 
  0064: 3E CF 27 BF 00 00 00 00 00 00 00 00 22 54 41 BF 
  0080: 81 00 00 09 15 00 00 20 5E 00 00 34 CC 07 00 02 
  0096: 66 66 66 3F 00 00 00 00 00 00 00 00 00 00 00 00 
  0112: 00 00 00 00 00 00 00 00 36 00 80 00 0E 00 53 70 
  0128: 61 72 72 69 6E 67 20 47 6F 6C 65 6D 9A 31 24 12 
  0144: 10 00 00 00 14 00 00 00 FF FF 01 00 00 00 00 00 
  0160: 00 3F 02 00 
[observe]   -> opcode 0xF745 (no decoder yet)
[observe]   -> sent Ack(21) [24 bytes] to 127.0.0.1:9000
[observe] #21 from 127.0.0.1:9001: Seq=22 Id=11 Iter=1 Flags=EncryptedChecksum, BlobFragments Size=396 CRC=0x820251B9  [CRC_OK]
[observe]   Frag Seq=37 Id=0x80000000 Count=1 Size=396 Idx=0 Q=10 payload[380]: 45 f7 00 00 d7 01 00 80 11 0b 0f 23 7e 00 df 1f 18 08 a2 04 00 18 ae 04 20 08 7a 10 f0 0a 77 10 ...
[ObjectCreateDecoder] decode failed at offset 354/380: MessageReader underflow at local offset 354 (absolute 354): needed 114, remaining 26.
[ObjectCreateDecoder] payload hex:
  0000: 45 F7 00 00 D7 01 00 80 11 0B 0F 23 7E 00 DF 1F 
  0016: 18 08 A2 04 00 18 AE 04 20 08 7A 10 F0 0A 77 10 
  0032: FA 06 24 11 28 18 24 11 40 08 24 11 48 08 24 11 
  0048: 6C 08 24 11 80 08 77 04 5C 04 10 4C 02 0E 11 10 
  0064: F5 02 56 11 10 5C 02 97 11 00 79 18 5D 02 00 78 
  0080: 18 EA 0C 01 80 18 A1 00 02 7F 18 CF 03 05 80 18 
  0096: A1 00 06 7F 18 CF 03 09 D5 03 5F 02 09 D4 03 5E 
  0112: 02 0A 7B 18 BE 02 0B 7A 18 0D 14 0D 7B 18 BE 02 
  0128: 0E 7A 18 0D 14 10 07 48 10 70 21 00 16 1A 01 0D 
  0144: 1A 02 06 1A 03 EC 01 04 EC 01 05 11 1A 06 09 1A 
  0160: 07 EC 01 08 EC 01 09 0D 12 0A F7 19 0B ED 19 0D 
  0176: FF 19 0E EF 19 0C 58 00 0F 5B 00 11 EC 01 12 EC 
  0192: 01 13 EC 01 14 EC 01 15 EC 01 16 EC 01 17 EC 01 
  0208: 18 EC 01 19 EC 01 1A EC 01 1B EC 01 1C EC 01 1D 
  0224: EC 01 1E EC 01 1F EC 01 20 EC 01 21 EC 01 00 00 
  0240: 03 88 01 00 18 04 60 00 0C 00 00 00 00 00 3D 00 
  0256: 03 00 00 00 3D 00 03 00 00 00 00 00 3A 02 02 86 
  0272: DF 4F 60 42 3E F9 A0 C1 00 DB A3 3B FF 33 78 3F 
  0288: 00 00 00 00 00 00 00 00 2C CC 7A 3E 01 00 00 09 
  0304: 01 00 00 20 01 00 00 02 00 00 02 00 00 00 00 00 
  0320: 00 00 02 00 00 00 02 00 00 00 00 00 36 00 90 00 
  0336: 0F 00 54 72 61 69 6E 69 6E 67 20 4D 61 73 74 65 
  0352: 72 00 00 00 88 72 F1 0F 10 00 00 00 04 00 00 00 
  0368: FF FF 20 00 00 00 00 00 40 40 08 04 
[observe]   -> opcode 0xF745 (no decoder yet)
[observe]   -> sent Ack(22) [24 bytes] to 127.0.0.1:9000
[observe] #22 from 127.0.0.1:9001: Seq=23 Id=11 Iter=1 Flags=EncryptedChecksum, BlobFragments Size=360 CRC=0x37B29BDA  [CRC_OK]
[observe]   Frag Seq=41 Id=0x80000000 Count=1 Size=180 Idx=0 Q=10 payload[164]: 45 f7 00 00 af 01 00 80 11 01 00 00 48 0f 0c 13 00 00 00 00 83 98 01 00 08 04 00 00 0c 00 00 00 ...
[ObjectCreateDecoder] decode failed at offset 142/164: MessageReader underflow at local offset 142 (absolute 142): needed 12698, remaining 22.
[ObjectCreateDecoder] payload hex:
  0000: 45 F7 00 00 AF 01 00 80 11 01 00 00 48 0F 0C 13 
  0016: 00 00 00 00 83 98 01 00 08 04 00 00 0C 00 00 00 
  0032: 00 00 3D 00 03 00 00 00 3D 00 03 00 00 00 00 00 
  0048: 83 02 02 86 98 9D 9A 42 FC 18 A2 C1 C0 75 13 3C 
  0064: 0B 2A 32 BF 00 00 00 00 00 00 00 00 7C D4 37 BF 
  0080: 81 00 00 09 15 00 00 20 5E 00 00 34 CC 07 00 02 
  0096: 66 66 66 3F 00 00 00 00 00 00 00 00 00 00 00 00 
  0112: 00 00 00 00 00 00 00 00 36 00 80 00 0E 00 53 70 
  0128: 61 72 72 69 6E 67 20 47 6F 6C 65 6D 9A 31 24 12 
  0144: 10 00 00 00 14 00 00 00 FF FF 01 00 00 00 00 00 
  0160: 00 3F 02 00 
[observe]   -> opcode 0xF745 (no decoder yet)
[observe]   Frag Seq=42 Id=0x80000000 Count=1 Size=180 Idx=0 Q=10 payload[164]: 45 f7 00 00 ac 01 00 80 11 01 00 00 48 0f 0c 13 00 00 00 00 83 98 01 00 08 04 00 00 0c 00 00 00 ...
[ObjectCreateDecoder] decode failed at offset 142/164: MessageReader underflow at local offset 142 (absolute 142): needed 12698, remaining 22.
[ObjectCreateDecoder] payload hex:
  0000: 45 F7 00 00 AC 01 00 80 11 01 00 00 48 0F 0C 13 
  0016: 00 00 00 00 83 98 01 00 08 04 00 00 0C 00 00 00 
  0032: 00 00 3D 00 03 00 00 00 3D 00 03 00 00 00 00 00 
  0048: 82 02 02 86 51 0B 9C 42 FB 3A 44 C1 80 74 13 3C 
  0064: 3E CF 27 BF 00 00 00 00 00 00 00 00 22 54 41 BF 
  0080: 81 00 00 09 15 00 00 20 5E 00 00 34 CC 07 00 02 
  0096: 66 66 66 3F 00 00 00 00 00 00 00 00 00 00 00 00 
  0112: 00 00 00 00 00 00 00 00 36 00 80 00 0E 00 53 70 
  0128: 61 72 72 69 6E 67 20 47 6F 6C 65 6D 9A 31 24 12 
  0144: 10 00 00 00 14 00 00 00 FF FF 01 00 00 00 00 00 
  0160: 00 3F 02 00 
[observe]   -> opcode 0xF745 (no decoder yet)
[observe]   -> sent Ack(23) [24 bytes] to 127.0.0.1:9000
[observe] #23 from 127.0.0.1:9001: Seq=24 Id=11 Iter=1 Flags=EncryptedChecksum, BlobFragments Size=324 CRC=0x6476A357  [CRC_OK]
[observe]   Frag Seq=43 Id=0x80000000 Count=1 Size=180 Idx=0 Q=10 payload[164]: 45 f7 00 00 b0 01 00 80 11 01 00 00 48 0f 0c 13 00 00 00 00 83 98 01 00 08 04 00 00 0c 00 00 00 ...
[ObjectCreateDecoder] decode failed at offset 142/164: MessageReader underflow at local offset 142 (absolute 142): needed 12698, remaining 22.
[ObjectCreateDecoder] payload hex:
  0000: 45 F7 00 00 B0 01 00 80 11 01 00 00 48 0F 0C 13 
  0016: 00 00 00 00 83 98 01 00 08 04 00 00 0C 00 00 00 
  0032: 00 00 3D 00 03 00 00 00 3D 00 03 00 00 00 00 00 
  0048: 82 02 02 86 9A 79 A7 42 96 E7 DE C0 80 73 13 3C 
  0064: DC BC F9 3E 00 00 00 00 00 00 00 00 29 7B 5F 3F 
  0080: 81 00 00 09 15 00 00 20 5E 00 00 34 CC 07 00 02 
  0096: 66 66 66 3F 00 00 00 00 00 00 00 00 00 00 00 00 
  0112: 00 00 00 00 00 00 00 00 36 00 80 00 0E 00 53 70 
  0128: 61 72 72 69 6E 67 20 47 6F 6C 65 6D 9A 31 24 12 
  0144: 10 00 00 00 14 00 00 00 FF FF 01 00 00 00 00 00 
  0160: 00 3F 02 00 
[observe]   -> opcode 0xF745 (no decoder yet)
[observe]   Frag Seq=44 Id=0x80000000 Count=1 Size=144 Idx=0 Q=10 payload[128]: 45 f7 00 00 54 20 60 78 11 00 00 00 01 80 02 00 18 04 00 00 65 00 00 00 81 02 02 86 12 43 97 42 ...
[ObjectCreateDecoder] decode failed at offset 102/128: MessageReader underflow at local offset 102 (absolute 102): needed 5103, remaining 26.
[ObjectCreateDecoder] payload hex:
  0000: 45 F7 00 00 54 20 60 78 11 00 00 00 01 80 02 00 
  0016: 18 04 00 00 65 00 00 00 81 02 02 86 12 43 97 42 
  0032: AD 86 82 C0 00 00 A8 B3 F7 04 35 3F 00 00 00 00 
  0048: 00 00 00 00 F7 04 35 BF 2E 06 00 02 00 00 00 00 
  0064: 00 00 00 00 00 00 00 00 00 00 00 00 00 00 00 00 
  0080: 38 00 20 00 0C 00 53 54 41 54 55 53 20 42 41 52 
  0096: 53 20 00 00 EF 13 D3 12 00 20 00 00 14 01 00 00 
  0112: 7D 00 00 00 30 00 00 00 00 00 A0 40 28 23 00 00 
[observe]   -> opcode 0xF745 (no decoder yet)
[observe]   -> sent Ack(24) [24 bytes] to 127.0.0.1:9000
[observe] #24 from 127.0.0.1:9001: Seq=25 Id=11 Iter=1 Flags=EncryptedChecksum, BlobFragments Size=360 CRC=0xBFBBAF97  [CRC_OK]
[observe]   Frag Seq=45 Id=0x80000000 Count=1 Size=180 Idx=0 Q=10 payload[164]: 45 f7 00 00 ad 01 00 80 11 01 00 00 48 0f 0c 13 00 00 00 00 83 98 01 00 08 04 00 00 0c 00 00 00 ...
[ObjectCreateDecoder] decode failed at offset 142/164: MessageReader underflow at local offset 142 (absolute 142): needed 12698, remaining 22.
[ObjectCreateDecoder] payload hex:
  0000: 45 F7 00 00 AD 01 00 80 11 01 00 00 48 0F 0C 13 
  0016: 00 00 00 00 83 98 01 00 08 04 00 00 0C 00 00 00 
  0032: 00 00 3D 00 03 00 00 00 3D 00 03 00 00 00 00 00 
  0048: 99 02 02 86 46 B6 AD 42 21 B0 A1 C1 80 73 13 3C 
  0064: F7 04 35 BF 00 00 00 00 00 00 00 00 F7 04 35 BF 
  0080: 81 00 00 09 15 00 00 20 5E 00 00 34 CC 07 00 02 
  0096: 66 66 66 3F 00 00 00 00 00 00 00 00 00 00 00 00 
  0112: 00 00 00 00 00 00 00 00 36 00 80 00 0E 00 53 70 
  0128: 61 72 72 69 6E 67 20 47 6F 6C 65 6D 9A 31 24 12 
  0144: 10 00 00 00 14 00 00 00 FF FF 01 00 00 00 00 00 
  0160: 00 3F 02 00 
[observe]   -> opcode 0xF745 (no decoder yet)
[observe]   Frag Seq=46 Id=0x80000000 Count=1 Size=180 Idx=0 Q=10 payload[164]: 45 f7 00 00 b1 01 00 80 11 01 00 00 48 0f 0c 13 00 00 00 00 83 98 01 00 08 04 00 00 0c 00 00 00 ...
[ObjectCreateDecoder] decode failed at offset 142/164: MessageReader underflow at local offset 142 (absolute 142): needed 12698, remaining 22.
[ObjectCreateDecoder] payload hex:
  0000: 45 F7 00 00 B1 01 00 80 11 01 00 00 48 0F 0C 13 
  0016: 00 00 00 00 83 98 01 00 08 04 00 00 0C 00 00 00 
  0032: 00 00 3D 00 03 00 00 00 3D 00 03 00 00 00 00 00 
  0048: 99 02 02 86 5E EB AF 42 B5 37 7E C1 40 75 13 3C 
  0064: B2 9F 11 3F 00 00 00 00 00 00 00 00 D2 8B 52 3F 
  0080: 81 00 00 09 15 00 00 20 5E 00 00 34 CC 07 00 02 
  0096: 66 66 66 3F 00 00 00 00 00 00 00 00 00 00 00 00 
  0112: 00 00 00 00 00 00 00 00 36 00 80 00 0E 00 53 70 
  0128: 61 72 72 69 6E 67 20 47 6F 6C 65 6D 9A 31 24 12 
  0144: 10 00 00 00 14 00 00 00 FF FF 01 00 00 00 00 00 
  0160: 00 3F 02 00 
[observe]   -> opcode 0xF745 (no decoder yet)
[observe]   -> sent Ack(25) [24 bytes] to 127.0.0.1:9000
[observe] #25 from 127.0.0.1:9001: Seq=26 Id=11 Iter=1 Flags=EncryptedChecksum, BlobFragments Size=56 CRC=0x186386BB  [CRC_OK]
[observe]   Frag Seq=47 Id=0x80000000 Count=1 Size=56 Idx=0 Q=10 payload[40]: 4c f7 00 00 05 00 00 50 04 00 20 02 20 02 00 00 08 00 3d 00 06 00 00 50 00 00 00 00 0f ee 00 00 ...
[observe]   -> opcode 0xF74C (no decoder yet)
[observe]   -> sent Ack(26) [24 bytes] to 127.0.0.1:9000
[observe] #26 from 127.0.0.1:9001: Seq=26 Id=11 Iter=1 Flags=AckSequence Size=4 CRC=0x7072B109  [CRC_OK]
[observe]   optional: AckSequence=3
[observe] #27 from 127.0.0.1:9001: Seq=27 Id=11 Iter=1 Flags=EncryptedChecksum, BlobFragments Size=56 CRC=0x5D598A29  [CRC_OK]
[observe]   Frag Seq=48 Id=0x80000000 Count=1 Size=56 Idx=0 Q=10 payload[40]: 4c f7 00 00 05 00 00 50 04 00 21 02 21 02 00 00 08 00 3d 00 06 00 00 50 00 00 00 00 0f ee 00 00 ...
[observe]   -> opcode 0xF74C (no decoder yet)
[observe]   -> sent Ack(27) [24 bytes] to 127.0.0.1:9000
[observe] #28 from 127.0.0.1:9001: Seq=27 Id=11 Iter=1 Flags=AckSequence Size=4 CRC=0x7074B10A  [CRC_OK]
[observe]   optional: AckSequence=3
[observe] #29 from 127.0.0.1:9001: Seq=28 Id=11 Iter=1 Flags=EncryptedChecksum, BlobFragments Size=56 CRC=0xD6E7B4B0  [CRC_OK]
[observe]   Frag Seq=49 Id=0x80000000 Count=1 Size=56 Idx=0 Q=10 payload[40]: 4c f7 00 00 05 00 00 50 04 00 22 02 22 02 00 00 08 00 3d 00 06 00 00 50 00 00 00 00 0f ee 00 00 ...
[observe]   -> opcode 0xF74C (no decoder yet)
[observe]   -> sent Ack(28) [24 bytes] to 127.0.0.1:9000
[observe] #30 from 127.0.0.1:9001: Seq=28 Id=11 Iter=1 Flags=AckSequence Size=4 CRC=0x7076B10B  [CRC_OK]
[observe]   optional: AckSequence=3
[observe] #31 from 127.0.0.1:9001: Seq=29 Id=11 Iter=1 Flags=EncryptedChecksum, BlobFragments Size=56 CRC=0xC97DB146  [CRC_OK]
[observe]   Frag Seq=50 Id=0x80000000 Count=1 Size=56 Idx=0 Q=10 payload[40]: 4c f7 00 00 05 00 00 50 04 00 23 02 23 02 00 00 08 00 3d 00 06 00 00 50 00 00 00 00 0f ee 00 00 ...
[observe]   -> opcode 0xF74C (no decoder yet)
[observe]   -> sent Ack(29) [24 bytes] to 127.0.0.1:9000
[observe] #32 from 127.0.0.1:9001: Seq=30 Id=11 Iter=1 Flags=EncryptedChecksum, BlobFragments Size=29 CRC=0x4C579823  [CRC_OK]
[observe]   Frag Seq=51 Id=0x80000000 Count=1 Size=29 Idx=0 Q=9 payload[13]: cd 02 00 00 01 7d 00 00 00 7b 01 00 00
[observe]   -> opcode 0x02CD (no decoder yet)
[observe]   -> sent Ack(30) [24 bytes] to 127.0.0.1:9000
[observe] #33 from 127.0.0.1:9001: Seq=30 Id=11 Iter=1 Flags=AckSequence Size=4 CRC=0x7078B10D  [CRC_OK]
[observe]   optional: AckSequence=3
[observe] #34 from 127.0.0.1:9001: Seq=31 Id=11 Iter=1 Flags=EncryptedChecksum, BlobFragments Size=88 CRC=0x0B601516  [CRC_OK]
[observe]   Frag Seq=52 Id=0x80000000 Count=1 Size=88 Idx=0 Q=10 payload[72]: 4c f7 00 00 05 00 00 50 04 00 24 02 24 02 00 00 06 00 3d 00 2c 20 60 78 b2 01 02 86 cc 6e c6 41 ...
[observe]   -> opcode 0xF74C (no decoder yet)
[observe]   -> sent Ack(31) [24 bytes] to 127.0.0.1:9000
[observe] #35 from 127.0.0.1:9001: Seq=32 Id=11 Iter=1 Flags=EncryptedChecksum, BlobFragments Size=60 CRC=0x92C584D1  [CRC_OK]
[observe]   Frag Seq=53 Id=0x80000000 Count=1 Size=60 Idx=0 Q=10 payload[44]: 48 f7 00 00 05 00 00 50 34 00 00 00 ad 01 02 86 98 90 a1 40 c0 e5 ef c1 00 d6 a3 3b a0 0f 35 3f ...
[observe]   -> opcode 0xF748 (no decoder yet)
[observe]   -> sent Ack(32) [24 bytes] to 127.0.0.1:9000
[observe] #36 from 127.0.0.1:9001: Seq=33 Id=11 Iter=1 Flags=EncryptedChecksum, BlobFragments Size=60 CRC=0xC450420B  [CRC_OK]
[observe]   Frag Seq=54 Id=0x80000000 Count=1 Size=60 Idx=0 Q=10 payload[44]: 48 f7 00 00 05 00 00 50 34 00 00 00 ad 01 02 86 65 5d ae 40 21 e6 ef c1 00 d6 a3 3b 42 fa 34 3f ...
[observe]   -> opcode 0xF748 (no decoder yet)
[observe]   -> sent Ack(33) [24 bytes] to 127.0.0.1:9000
[observe] #37 from 127.0.0.1:9001: Seq=34 Id=11 Iter=1 Flags=EncryptedChecksum, BlobFragments Size=60 CRC=0xD35B868F  [CRC_OK]
[observe]   Frag Seq=55 Id=0x80000000 Count=1 Size=60 Idx=0 Q=10 payload[44]: 48 f7 00 00 05 00 00 50 34 00 00 00 ad 01 02 86 4d 4a bd 40 92 e6 ef c1 00 d6 a3 3b 42 fa 34 3f ...
[observe]   -> opcode 0xF748 (no decoder yet)
[observe]   -> sent Ack(34) [24 bytes] to 127.0.0.1:9000
[observe] #38 from 127.0.0.1:9001: Seq=35 Id=11 Iter=1 Flags=EncryptedChecksum, BlobFragments Size=60 CRC=0x26ADD261  [CRC_OK]
[observe]   Frag Seq=56 Id=0x80000000 Count=1 Size=60 Idx=0 Q=10 payload[44]: 48 f7 00 00 05 00 00 50 34 00 00 00 ad 01 02 86 27 37 cc 40 03 e7 ef c1 00 d6 a3 3b 42 fa 34 3f ...
[observe]   -> opcode 0xF748 (no decoder yet)
[observe]   -> sent Ack(35) [24 bytes] to 127.0.0.1:9000
[observe] #39 from 127.0.0.1:9001: Seq=36 Id=11 Iter=1 Flags=EncryptedChecksum, BlobFragments Size=60 CRC=0xD2D9FB11  [CRC_OK]
[observe]   Frag Seq=57 Id=0x80000000 Count=1 Size=60 Idx=0 Q=10 payload[44]: 48 f7 00 00 05 00 00 50 34 00 00 00 ad 01 02 86 4d 18 d9 40 64 e7 ef c1 00 d6 a3 3b 42 fa 34 3f ...
[observe]   -> opcode 0xF748 (no decoder yet)
[observe]   -> sent Ack(36) [24 bytes] to 127.0.0.1:9000
[observe] #40 from 127.0.0.1:9001: Seq=37 Id=11 Iter=1 Flags=EncryptedChecksum, BlobFragments Size=56 CRC=0xCCB35514  [CRC_OK]
[observe]   Frag Seq=58 Id=0x80000000 Count=1 Size=56 Idx=0 Q=10 payload[40]: 4c f7 00 00 05 00 00 50 04 00 25 02 25 02 00 00 08 00 3d 00 06 00 00 50 00 00 00 00 0f ee 00 00 ...
[observe]   -> opcode 0xF74C (no decoder yet)
[observe]   -> sent Ack(37) [24 bytes] to 127.0.0.1:9000
[observe] #41 from 127.0.0.1:9001: Seq=38 Id=11 Iter=1 Flags=EncryptedChecksum, BlobFragments Size=60 CRC=0xB194E6F9  [CRC_OK]
[observe]   Frag Seq=59 Id=0x80000000 Count=1 Size=60 Idx=0 Q=10 payload[44]: 48 f7 00 00 05 00 00 50 34 00 00 00 ad 01 02 86 b7 fb e7 40 d5 e7 ef c1 00 d6 a3 3b 42 fa 34 3f ...
[observe]   -> opcode 0xF748 (no decoder yet)
[observe]   -> sent Ack(38) [24 bytes] to 127.0.0.1:9000
[observe] #42 from 127.0.0.1:9001: Seq=39 Id=11 Iter=1 Flags=EncryptedChecksum, BlobFragments Size=60 CRC=0xD58EB6A7  [CRC_OK]
[observe]   Frag Seq=60 Id=0x80000000 Count=1 Size=60 Idx=0 Q=10 payload[44]: 48 f7 00 00 05 00 00 50 34 00 00 00 ad 01 02 86 ad ec f4 40 37 e8 ef c1 00 d6 a3 3b 42 fa 34 3f ...
[observe]   -> opcode 0xF748 (no decoder yet)
[observe]   -> sent Ack(39) [24 bytes] to 127.0.0.1:9000
[observe] #43 from 127.0.0.1:9001: Seq=40 Id=11 Iter=1 Flags=EncryptedChecksum, BlobFragments Size=60 CRC=0xBA3F702A  [CRC_OK]
[observe]   Frag Seq=61 Id=0x80000000 Count=1 Size=60 Idx=0 Q=10 payload[44]: 48 f7 00 00 05 00 00 50 34 00 00 00 ad 01 02 86 ac e5 00 41 98 e8 ef c1 00 d6 a3 3b 42 fa 34 3f ...
[observe]   -> opcode 0xF748 (no decoder yet)
[observe]   -> sent Ack(40) [24 bytes] to 127.0.0.1:9000
[observe] #44 from 127.0.0.1:9001: Seq=41 Id=11 Iter=1 Flags=EncryptedChecksum, BlobFragments Size=60 CRC=0x507BFFF7  [CRC_OK]
[observe]   Frag Seq=62 Id=0x80000000 Count=1 Size=60 Idx=0 Q=10 payload[44]: 48 f7 00 00 05 00 00 50 34 00 00 00 ad 01 02 86 82 51 08 41 08 e9 ef c1 00 d6 a3 3b 42 fa 34 3f ...
[observe]   -> opcode 0xF748 (no decoder yet)
[observe]   -> sent Ack(41) [24 bytes] to 127.0.0.1:9000
[observe] #45 from 127.0.0.1:9001: Seq=42 Id=11 Iter=1 Flags=EncryptedChecksum, BlobFragments Size=60 CRC=0x46F20C7B  [CRC_OK]
[observe]   Frag Seq=63 Id=0x80000000 Count=1 Size=60 Idx=0 Q=10 payload[44]: 48 f7 00 00 05 00 00 50 34 00 00 00 ad 01 02 86 c2 c2 0e 41 69 e9 ef c1 00 d6 a3 3b 42 fa 34 3f ...
[observe]   -> opcode 0xF748 (no decoder yet)
[observe]   -> sent Ack(42) [24 bytes] to 127.0.0.1:9000
[observe] #46 from 127.0.0.1:9001: Seq=43 Id=11 Iter=1 Flags=EncryptedChecksum, BlobFragments Size=48 CRC=0xB2E43919  [CRC_OK]
[observe]   Frag Seq=64 Id=0x80000000 Count=1 Size=48 Idx=0 Q=10 payload[32]: 4c f7 00 00 05 00 00 50 04 00 26 02 26 02 00 00 00 00 3d 00 43 00 00 00 3d 00 88 00 00 00 10 40
[observe]   -> opcode 0xF74C (no decoder yet)
[observe]   -> sent Ack(43) [24 bytes] to 127.0.0.1:9000
[observe] #47 from 127.0.0.1:9001: Seq=44 Id=11 Iter=1 Flags=EncryptedChecksum, BlobFragments Size=60 CRC=0xCAE7B3D2  [CRC_OK]
[observe]   Frag Seq=65 Id=0x80000000 Count=1 Size=60 Idx=0 Q=10 payload[44]: 48 f7 00 00 05 00 00 50 34 00 00 00 ad 01 02 86 32 1f 16 41 d8 e9 ef c1 00 d6 a3 3b 42 fa 34 3f ...
[observe]   -> opcode 0xF748 (no decoder yet)
[observe]   -> sent Ack(44) [24 bytes] to 127.0.0.1:9000
[observe] #48 from 127.0.0.1:9001: Seq=45 Id=11 Iter=1 Flags=EncryptedChecksum, BlobFragments Size=60 CRC=0xC9568801  [CRC_OK]
[observe]   Frag Seq=66 Id=0x80000000 Count=1 Size=60 Idx=0 Q=10 payload[44]: 48 f7 00 00 05 00 00 50 34 00 00 00 ad 01 02 86 b1 9f 1c 41 3a ea ef c1 00 d6 a3 3b 41 fa 34 3f ...
[observe]   -> opcode 0xF748 (no decoder yet)
[observe]   -> sent Ack(45) [24 bytes] to 127.0.0.1:9000
[observe] #49 from 127.0.0.1:9001: Seq=46 Id=11 Iter=1 Flags=EncryptedChecksum, BlobFragments Size=60 CRC=0xEC0D3510  [CRC_OK]
[observe]   Frag Seq=67 Id=0x80000000 Count=1 Size=60 Idx=0 Q=10 payload[44]: 48 f7 00 00 05 00 00 50 34 00 00 00 ad 01 02 86 6d 06 23 41 9b ea ef c1 00 d6 a3 3b 41 fa 34 3f ...
[observe]   -> opcode 0xF748 (no decoder yet)
[observe]   -> sent Ack(46) [24 bytes] to 127.0.0.1:9000
[observe] #50 from 127.0.0.1:9001: Seq=47 Id=11 Iter=1 Flags=EncryptedChecksum, BlobFragments Size=60 CRC=0x484C2A46  [CRC_OK]
[observe]   Frag Seq=68 Id=0x80000000 Count=1 Size=60 Idx=0 Q=10 payload[44]: 48 f7 00 00 05 00 00 50 34 00 00 00 ad 01 02 86 58 63 2a 41 0a eb ef c1 00 d6 a3 3b 41 fa 34 3f ...
[observe]   -> opcode 0xF748 (no decoder yet)
[observe]   -> sent Ack(47) [24 bytes] to 127.0.0.1:9000
[observe] #51 from 127.0.0.1:9001: Seq=48 Id=11 Iter=1 Flags=EncryptedChecksum, BlobFragments Size=60 CRC=0x6F8D7CDA  [CRC_OK]
[observe]   Frag Seq=69 Id=0x80000000 Count=1 Size=60 Idx=0 Q=10 payload[44]: 48 f7 00 00 05 00 00 50 34 00 00 00 ad 01 02 86 55 df 30 41 6c eb ef c1 00 d6 a3 3b 41 fa 34 3f ...
[observe]   -> opcode 0xF748 (no decoder yet)
[observe]   -> sent Ack(48) [24 bytes] to 127.0.0.1:9000
[observe] #52 from 127.0.0.1:9001: Seq=49 Id=11 Iter=1 Flags=EncryptedChecksum, BlobFragments Size=60 CRC=0x234A7B91  [CRC_OK]
[observe]   Frag Seq=70 Id=0x80000000 Count=1 Size=60 Idx=0 Q=10 payload[44]: 48 f7 00 00 05 00 00 50 34 00 00 00 ad 01 02 86 6d 46 37 41 cd eb ef c1 00 d6 a3 3b 41 fa 34 3f ...
[observe]   -> opcode 0xF748 (no decoder yet)
[observe]   -> sent Ack(49) [24 bytes] to 127.0.0.1:9000
[observe] #53 from 127.0.0.1:9001: Seq=49 Id=11 Iter=1 Flags=AckSequence Size=4 CRC=0x707AB120  [CRC_OK]
[observe]   optional: AckSequence=3
[observe] #54 from 127.0.0.1:9001: Seq=50 Id=11 Iter=1 Flags=EncryptedChecksum, BlobFragments Size=60 CRC=0x663254A1  [CRC_OK]
[observe]   Frag Seq=71 Id=0x80000000 Count=1 Size=60 Idx=0 Q=10 payload[44]: 48 f7 00 00 05 00 00 50 34 00 00 00 ad 01 02 86 f2 c1 3e 41 3e ec ef c1 00 d6 a3 3b 41 fa 34 3f ...
[observe]   -> opcode 0xF748 (no decoder yet)
[observe]   -> sent Ack(50) [24 bytes] to 127.0.0.1:9000
[observe] #55 from 127.0.0.1:9001: Seq=51 Id=11 Iter=1 Flags=EncryptedChecksum, BlobFragments Size=60 CRC=0x0114EB17  [CRC_OK]
[observe]   Frag Seq=72 Id=0x80000000 Count=1 Size=60 Idx=0 Q=10 payload[44]: 48 f7 00 00 05 00 00 50 34 00 00 00 ad 01 02 86 ff 2c 46 41 ae ec ef c1 00 d6 a3 3b 41 fa 34 3f ...
[observe]   -> opcode 0xF748 (no decoder yet)
[observe]   -> sent Ack(51) [24 bytes] to 127.0.0.1:9000
[observe] #56 from 127.0.0.1:9001: Seq=52 Id=11 Iter=1 Flags=EncryptedChecksum, BlobFragments Size=60 CRC=0x3067D04E  [CRC_OK]
[observe]   Frag Seq=73 Id=0x80000000 Count=1 Size=60 Idx=0 Q=10 payload[44]: 48 f7 00 00 05 00 00 50 34 00 00 00 ad 01 02 86 82 a2 4c 41 10 ed ef c1 00 d6 a3 3b 40 fa 34 3f ...
[observe]   -> opcode 0xF748 (no decoder yet)
[observe]   -> sent Ack(52) [24 bytes] to 127.0.0.1:9000
[observe] #57 from 127.0.0.1:9001: Seq=53 Id=11 Iter=1 Flags=EncryptedChecksum, BlobFragments Size=60 CRC=0xEB2BD73D  [CRC_OK]
[observe]   Frag Seq=74 Id=0x80000000 Count=1 Size=60 Idx=0 Q=10 payload[44]: 48 f7 00 00 05 00 00 50 34 00 00 00 ad 01 02 86 30 0d 53 41 71 ed ef c1 00 d6 a3 3b 41 fa 34 3f ...
[observe]   -> opcode 0xF748 (no decoder yet)
[observe]   -> sent Ack(53) [24 bytes] to 127.0.0.1:9000
[observe] #58 from 127.0.0.1:9001: Seq=54 Id=11 Iter=1 Flags=EncryptedChecksum, BlobFragments Size=60 CRC=0x7BF54D01  [CRC_OK]
[observe]   Frag Seq=75 Id=0x80000000 Count=1 Size=60 Idx=0 Q=10 payload[44]: 48 f7 00 00 05 00 00 50 34 00 00 00 ad 01 02 86 b6 6e 5a 41 e1 ed ef c1 00 d6 a3 3b 40 fa 34 3f ...
[observe]   -> opcode 0xF748 (no decoder yet)
[observe]   -> sent Ack(54) [24 bytes] to 127.0.0.1:9000
[observe] #59 from 127.0.0.1:9001: Seq=55 Id=11 Iter=1 Flags=EncryptedChecksum, BlobFragments Size=60 CRC=0xA67F41D4  [CRC_OK]
[observe]   Frag Seq=76 Id=0x80000000 Count=1 Size=60 Idx=0 Q=10 payload[44]: 48 f7 00 00 05 00 00 50 34 00 00 00 ad 01 02 86 3c e8 60 41 43 ee ef c1 00 d6 a3 3b 41 fa 34 3f ...
[observe]   -> opcode 0xF748 (no decoder yet)
[observe]   -> sent Ack(55) [24 bytes] to 127.0.0.1:9000
[observe] #60 from 127.0.0.1:9001: Seq=56 Id=11 Iter=1 Flags=EncryptedChecksum, BlobFragments Size=60 CRC=0xFEBE244F  [CRC_OK]
[observe]   Frag Seq=77 Id=0x80000000 Count=1 Size=60 Idx=0 Q=10 payload[44]: 48 f7 00 00 05 00 00 50 34 00 00 00 ad 01 02 86 81 63 68 41 b4 ee ef c1 00 d6 a3 3b 41 fa 34 3f ...
[observe]   -> opcode 0xF748 (no decoder yet)
[observe]   -> sent Ack(56) [24 bytes] to 127.0.0.1:9000
[observe] #61 from 127.0.0.1:9001: Seq=57 Id=11 Iter=1 Flags=EncryptedChecksum, BlobFragments Size=60 CRC=0xBB7528DC  [CRC_OK]
[observe]   Frag Seq=78 Id=0x80000000 Count=1 Size=60 Idx=0 Q=10 payload[44]: 48 f7 00 00 05 00 00 50 34 00 00 00 ad 01 02 86 80 d3 6f 41 25 ef ef c1 00 d6 a3 3b 41 fa 34 3f ...
[observe]   -> opcode 0xF748 (no decoder yet)
[observe]   -> sent Ack(57) [24 bytes] to 127.0.0.1:9000
[observe] #62 from 127.0.0.1:9001: Seq=58 Id=11 Iter=1 Flags=EncryptedChecksum, BlobFragments Size=56 CRC=0xEE7C67BC  [CRC_OK]
[observe]   Frag Seq=79 Id=0x80000000 Count=1 Size=56 Idx=0 Q=10 payload[40]: 4c f7 00 00 05 00 00 50 04 00 27 02 27 02 00 00 08 00 3d 00 06 00 00 50 00 00 00 00 0f ee 00 00 ...
[observe]   -> opcode 0xF74C (no decoder yet)
[observe]   -> sent Ack(58) [24 bytes] to 127.0.0.1:9000
[observe] #63 from 127.0.0.1:9001: Seq=59 Id=11 Iter=1 Flags=EncryptedChecksum, BlobFragments Size=60 CRC=0x70C9DB74  [CRC_OK]
[observe]   Frag Seq=80 Id=0x80000000 Count=1 Size=60 Idx=0 Q=10 payload[44]: 48 f7 00 00 05 00 00 50 34 00 00 00 b4 01 02 86 8e 4d 76 41 87 ef ef c1 00 d6 a3 3b 42 fa 34 3f ...
[observe]   -> opcode 0xF748 (no decoder yet)
[observe]   -> sent Ack(59) [24 bytes] to 127.0.0.1:9000
[observe] #64 from 127.0.0.1:9001: Seq=60 Id=11 Iter=1 Flags=EncryptedChecksum, BlobFragments Size=60 CRC=0x75B685AC  [CRC_OK]
[observe]   Frag Seq=81 Id=0x80000000 Count=1 Size=60 Idx=0 Q=10 payload[44]: 48 f7 00 00 05 00 00 50 34 00 00 00 b1 01 02 86 72 b9 7d 41 f7 ef ef c1 00 d6 a3 3b 42 fa 34 3f ...
[observe]   -> opcode 0xF748 (no decoder yet)
[observe]   -> sent Ack(60) [24 bytes] to 127.0.0.1:9000
[observe] #65 from 127.0.0.1:9001: Seq=61 Id=11 Iter=1 Flags=EncryptedChecksum, BlobFragments Size=60 CRC=0x6F4421EB  [CRC_OK]
[observe]   Frag Seq=82 Id=0x80000000 Count=1 Size=60 Idx=0 Q=10 payload[44]: 48 f7 00 00 05 00 00 50 34 00 00 00 b1 01 02 86 5e a2 82 41 69 f0 ef c1 00 d6 a3 3b 41 fa 34 3f ...
[observe]   -> opcode 0xF748 (no decoder yet)
[observe]   -> sent Ack(61) [24 bytes] to 127.0.0.1:9000
[observe] #66 from 127.0.0.1:9001: Seq=62 Id=11 Iter=1 Flags=EncryptedChecksum, BlobFragments Size=60 CRC=0xA6117886  [CRC_OK]
[observe]   Frag Seq=83 Id=0x80000000 Count=1 Size=60 Idx=0 Q=10 payload[44]: 48 f7 00 00 05 00 00 50 34 00 00 00 b1 01 02 86 ee 4f 86 41 d8 f0 ef c1 00 d6 a3 3b 41 fa 34 3f ...
[observe]   -> opcode 0xF748 (no decoder yet)
[observe]   -> sent Ack(62) [24 bytes] to 127.0.0.1:9000
[observe] #67 from 127.0.0.1:9001: Seq=63 Id=11 Iter=1 Flags=EncryptedChecksum, BlobFragments Size=60 CRC=0xBF9A1C02  [CRC_OK]
[observe]   Frag Seq=84 Id=0x80000000 Count=1 Size=60 Idx=0 Q=10 payload[44]: 48 f7 00 00 05 00 00 50 34 00 00 00 b1 01 02 86 39 8c 89 41 3a f1 ef c1 00 d6 a3 3b 41 fa 34 3f ...
[observe]   -> opcode 0xF748 (no decoder yet)
[observe]   -> sent Ack(63) [24 bytes] to 127.0.0.1:9000
[observe] #68 from 127.0.0.1:9001: Seq=64 Id=11 Iter=1 Flags=EncryptedChecksum, BlobFragments Size=60 CRC=0x8C2D9F37  [CRC_OK]
[observe]   Frag Seq=85 Id=0x80000000 Count=1 Size=60 Idx=0 Q=10 payload[44]: 48 f7 00 00 05 00 00 50 34 00 00 00 b1 01 02 86 d3 3d 8d 41 aa f1 ef c1 00 d6 a3 3b 41 fa 34 3f ...
[observe]   -> opcode 0xF748 (no decoder yet)
[observe]   -> sent Ack(64) [24 bytes] to 127.0.0.1:9000
[observe] #69 from 127.0.0.1:9001: Seq=65 Id=11 Iter=1 Flags=EncryptedChecksum, BlobFragments Size=60 CRC=0x9580B803  [CRC_OK]
[observe]   Frag Seq=86 Id=0x80000000 Count=1 Size=60 Idx=0 Q=10 payload[44]: 48 f7 00 00 05 00 00 50 34 00 00 00 b1 01 02 86 ef 7e 90 41 0c f2 ef c1 00 d6 a3 3b 41 fa 34 3f ...
[observe]   -> opcode 0xF748 (no decoder yet)
[observe]   -> sent Ack(65) [24 bytes] to 127.0.0.1:9000
[observe] #70 from 127.0.0.1:9001: Seq=66 Id=11 Iter=1 Flags=EncryptedChecksum, BlobFragments Size=60 CRC=0x266718AA  [CRC_OK]
[observe]   Frag Seq=87 Id=0x80000000 Count=1 Size=60 Idx=0 Q=10 payload[44]: 48 f7 00 00 05 00 00 50 34 00 00 00 b1 01 02 86 a0 39 94 41 7d f2 ef c1 00 d6 a3 3b 40 fa 34 3f ...
[observe]   -> opcode 0xF748 (no decoder yet)
[observe]   -> sent Ack(66) [24 bytes] to 127.0.0.1:9000
[observe] #71 from 127.0.0.1:9001: Seq=67 Id=11 Iter=1 Flags=EncryptedChecksum, BlobFragments Size=60 CRC=0x4F6300E7  [CRC_OK]
[observe]   Frag Seq=88 Id=0x80000000 Count=1 Size=60 Idx=0 Q=10 payload[44]: 48 f7 00 00 05 00 00 50 34 00 00 00 b1 01 02 86 b9 6d 97 41 de f2 ef c1 00 d6 a3 3b 41 fa 34 3f ...
[observe]   -> opcode 0xF748 (no decoder yet)
[observe]   -> sent Ack(67) [24 bytes] to 127.0.0.1:9000
[observe] #72 from 127.0.0.1:9001: Seq=68 Id=11 Iter=1 Flags=EncryptedChecksum, BlobFragments Size=60 CRC=0x217003BA  [CRC_OK]
[observe]   Frag Seq=89 Id=0x80000000 Count=1 Size=60 Idx=0 Q=10 payload[44]: 48 f7 00 00 05 00 00 50 34 00 00 00 b1 01 02 86 d7 a3 9a 41 3f f3 ef c1 00 d6 a3 3b 41 fa 34 3f ...
[observe]   -> opcode 0xF748 (no decoder yet)
[observe]   -> sent Ack(68) [24 bytes] to 127.0.0.1:9000
[observe] #73 from 127.0.0.1:9001: Seq=69 Id=11 Iter=1 Flags=EncryptedChecksum, BlobFragments Size=48 CRC=0xD61B2F35  [CRC_OK]
[observe]   Frag Seq=90 Id=0x80000000 Count=1 Size=48 Idx=0 Q=10 payload[32]: 4c f7 00 00 05 00 00 50 04 00 28 02 28 02 00 00 00 00 3d 00 43 00 00 00 3d 00 03 00 00 00 10 40
[observe]   -> opcode 0xF74C (no decoder yet)
[observe]   -> sent Ack(69) [24 bytes] to 127.0.0.1:9000
[observe] #74 from 127.0.0.1:9001: Seq=70 Id=11 Iter=1 Flags=EncryptedChecksum, BlobFragments Size=60 CRC=0xDE5626AA  [CRC_OK]
[observe]   Frag Seq=91 Id=0x80000000 Count=1 Size=60 Idx=0 Q=10 payload[44]: 48 f7 00 00 05 00 00 50 34 00 00 00 b1 01 02 86 b3 64 9e 41 b1 f3 ef c1 00 d6 a3 3b 40 fa 34 3f ...
[observe]   -> opcode 0xF748 (no decoder yet)
[observe]   -> sent Ack(70) [24 bytes] to 127.0.0.1:9000
[observe] #75 from 127.0.0.1:9001: Seq=70 Id=11 Iter=1 Flags=AckSequence Size=4 CRC=0x707CB135  [CRC_OK]
[observe]   optional: AckSequence=3
[observe] #76 from 127.0.0.1:9001: Seq=71 Id=11 Iter=1 Flags=EncryptedChecksum, BlobFragments Size=60 CRC=0x250DB65B  [CRC_OK]
[observe]   Frag Seq=92 Id=0x80000000 Count=1 Size=60 Idx=0 Q=10 payload[44]: 48 f7 00 00 05 00 00 50 34 00 00 00 b1 01 02 86 22 19 a2 41 21 f4 ef c1 00 d6 a3 3b 42 fa 34 3f ...
[observe]   -> opcode 0xF748 (no decoder yet)
[observe]   -> sent Ack(71) [24 bytes] to 127.0.0.1:9000
[observe] #77 from 127.0.0.1:9001: Seq=72 Id=11 Iter=1 Flags=EncryptedChecksum, BlobFragments Size=60 CRC=0x8CB3C1BE  [CRC_OK]
[observe]   Frag Seq=93 Id=0x80000000 Count=1 Size=60 Idx=0 Q=10 payload[44]: 48 f7 00 00 05 00 00 50 34 00 00 00 b1 01 02 86 9f 4f a5 41 82 f4 ef c1 00 d6 a3 3b 42 fa 34 3f ...
[observe]   -> opcode 0xF748 (no decoder yet)
[observe]   -> sent Ack(72) [24 bytes] to 127.0.0.1:9000
[observe] #78 from 127.0.0.1:9001: Seq=73 Id=11 Iter=1 Flags=EncryptedChecksum, BlobFragments Size=60 CRC=0xD16ECE55  [CRC_OK]
[observe]   Frag Seq=94 Id=0x80000000 Count=1 Size=60 Idx=0 Q=10 payload[44]: 48 f7 00 00 05 00 00 50 34 00 00 00 b1 01 02 86 0b 15 a9 41 f4 f4 ef c1 00 d6 a3 3b 41 fa 34 3f ...
[observe]   -> opcode 0xF748 (no decoder yet)
[observe]   -> sent Ack(73) [24 bytes] to 127.0.0.1:9000
[observe] #79 from 127.0.0.1:9001: Seq=74 Id=11 Iter=1 Flags=EncryptedChecksum, BlobFragments Size=60 CRC=0x14A04DEF  [CRC_OK]
[observe]   Frag Seq=95 Id=0x80000000 Count=1 Size=60 Idx=0 Q=10 payload[44]: 48 f7 00 00 05 00 00 50 34 00 00 00 b1 01 02 86 7a c2 ac 41 63 f5 ef c1 00 d6 a3 3b 40 fa 34 3f ...
[observe]   -> opcode 0xF748 (no decoder yet)
[observe]   -> sent Ack(74) [24 bytes] to 127.0.0.1:9000
[observe] #80 from 127.0.0.1:9001: Seq=75 Id=11 Iter=1 Flags=EncryptedChecksum, BlobFragments Size=44 CRC=0xC6E19D76  [CRC_OK]
[observe]   Frag Seq=96 Id=0x80000000 Count=1 Size=44 Idx=0 Q=10 payload[28]: 4c f7 00 00 2d 20 60 78 00 00 a2 00 a2 00 00 00 00 00 3d 00 03 00 00 00 3d 00 0c 00
[observe]   -> opcode 0xF74C (no decoder yet)
[observe]   -> sent Ack(75) [24 bytes] to 127.0.0.1:9000
[observe] #81 from 127.0.0.1:9001: Seq=76 Id=11 Iter=1 Flags=EncryptedChecksum, BlobFragments Size=60 CRC=0x440532BB  [CRC_OK]
[observe]   Frag Seq=97 Id=0x80000000 Count=1 Size=60 Idx=0 Q=10 payload[44]: 48 f7 00 00 05 00 00 50 34 00 00 00 b1 01 02 86 ed 01 b0 41 c5 f5 ef c1 00 d6 a3 3b 3f fa 34 3f ...
[observe]   -> opcode 0xF748 (no decoder yet)
[observe]   -> sent Ack(76) [24 bytes] to 127.0.0.1:9000
[observe] #82 from 127.0.0.1:9001: Seq=77 Id=11 Iter=1 Flags=EncryptedChecksum, BlobFragments Size=60 CRC=0xD2C2519E  [CRC_OK]
[observe]   Frag Seq=98 Id=0x80000000 Count=1 Size=60 Idx=0 Q=10 payload[44]: 48 f7 00 00 05 00 00 50 34 00 00 00 b1 01 02 86 47 37 b3 41 26 f6 ef c1 00 d6 a3 3b 3c fa 34 3f ...
[observe]   -> opcode 0xF748 (no decoder yet)
[observe]   -> sent Ack(77) [24 bytes] to 127.0.0.1:9000
[observe] #83 from 127.0.0.1:9001: Seq=78 Id=11 Iter=1 Flags=EncryptedChecksum, BlobFragments Size=60 CRC=0x682371FE  [CRC_OK]
[observe]   Frag Seq=99 Id=0x80000000 Count=1 Size=60 Idx=0 Q=10 payload[44]: 48 f7 00 00 05 00 00 50 34 00 00 00 b1 01 02 86 83 ed b6 41 97 f6 ef c1 00 d6 a3 3b 38 fa 34 3f ...
[observe]   -> opcode 0xF748 (no decoder yet)
[observe]   -> sent Ack(78) [24 bytes] to 127.0.0.1:9000
[observe] #84 from 127.0.0.1:9001: Seq=79 Id=11 Iter=1 Flags=EncryptedChecksum, BlobFragments Size=248 CRC=0x0D6B69DA  [CRC_OK]
[observe]   Frag Seq=100 Id=0x80000000 Count=1 Size=60 Idx=0 Q=10 payload[44]: 48 f7 00 00 05 00 00 50 34 00 00 00 b1 01 02 86 1b 28 ba 41 f9 f6 ef c1 00 d6 a3 3b 42 fa 34 3f ...
[observe]   -> opcode 0xF748 (no decoder yet)
[observe]   Frag Seq=101 Id=0x80000000 Count=1 Size=56 Idx=0 Q=10 payload[40]: 4c f7 00 00 05 00 00 50 04 00 29 02 29 02 00 00 08 00 3d 00 06 00 00 50 00 00 00 00 0f ee 00 00 ...
[observe]   -> opcode 0xF74C (no decoder yet)
[observe]   Frag Seq=102 Id=0x80000000 Count=1 Size=56 Idx=0 Q=10 payload[40]: 4c f7 00 00 05 00 00 50 04 00 2a 02 2a 02 00 00 08 00 3d 00 2c 20 60 78 00 00 00 00 0f ee 00 00 ...
[observe]   -> opcode 0xF74C (no decoder yet)
[observe]   Frag Seq=103 Id=0x80000000 Count=1 Size=44 Idx=0 Q=10 payload[28]: 4c f7 00 00 2c 20 60 78 00 00 a3 00 a3 00 00 00 00 00 3d 00 03 00 00 00 3d 00 0b 00
[observe]   -> opcode 0xF74C (no decoder yet)
[observe]   Frag Seq=104 Id=0x80000000 Count=1 Size=32 Idx=0 Q=10 payload[16]: 4b f7 00 00 2c 20 60 78 1c 00 01 00 00 00 a3 00
[observe]   -> opcode 0xF74B (no decoder yet)
[observe]   -> sent Ack(79) [24 bytes] to 127.0.0.1:9000
[observe] #85 from 127.0.0.1:9001: Seq=80 Id=11 Iter=1 Flags=EncryptedChecksum, BlobFragments Size=60 CRC=0x0DE4BDD7  [CRC_OK]
[observe]   Frag Seq=105 Id=0x80000000 Count=1 Size=60 Idx=0 Q=10 payload[44]: 48 f7 00 00 05 00 00 50 34 00 00 00 b1 01 02 86 1b 28 ba 41 f9 f6 ef c1 00 d6 a3 3b 42 fa 34 3f ...
[observe]   -> opcode 0xF748 (no decoder yet)
[observe]   -> sent Ack(80) [24 bytes] to 127.0.0.1:9000
[observe] #86 from 127.0.0.1:9001: Seq=81 Id=11 Iter=1 Flags=EncryptedChecksum, BlobFragments Size=60 CRC=0xCD344EFE  [CRC_OK]
[observe]   Frag Seq=106 Id=0x80000000 Count=1 Size=60 Idx=0 Q=10 payload[44]: 48 f7 00 00 05 00 00 50 34 00 00 00 b1 01 02 86 4e 5b bd 41 5a f7 ef c1 00 d6 a3 3b 44 fa 34 3f ...
[observe]   -> opcode 0xF748 (no decoder yet)
[observe]   -> sent Ack(81) [24 bytes] to 127.0.0.1:9000
[observe] #87 from 127.0.0.1:9001: Seq=82 Id=11 Iter=1 Flags=EncryptedChecksum, BlobFragments Size=32 CRC=0x56E572AC  [CRC_OK]
[observe]   Frag Seq=107 Id=0x80000000 Count=1 Size=32 Idx=0 Q=10 payload[16]: 4b f7 00 00 2d 20 60 78 18 00 01 00 00 00 a2 00
[observe]   -> opcode 0xF74B (no decoder yet)
[observe]   -> sent Ack(82) [24 bytes] to 127.0.0.1:9000
[observe] #88 from 127.0.0.1:9001: Seq=83 Id=11 Iter=1 Flags=EncryptedChecksum, BlobFragments Size=60 CRC=0x70082F60  [CRC_OK]
[observe]   Frag Seq=108 Id=0x80000000 Count=1 Size=60 Idx=0 Q=10 payload[44]: 48 f7 00 00 05 00 00 50 34 00 00 00 b1 01 02 86 a2 1a c1 41 cb f7 ef c1 00 d6 a3 3b 44 fa 34 3f ...
[observe]   -> opcode 0xF748 (no decoder yet)
[observe]   -> sent Ack(83) [24 bytes] to 127.0.0.1:9000
[observe] #89 from 127.0.0.1:9001: Seq=84 Id=11 Iter=1 Flags=EncryptedChecksum, BlobFragments Size=60 CRC=0x5B32D0A9  [CRC_OK]
[observe]   Frag Seq=109 Id=0x80000000 Count=1 Size=60 Idx=0 Q=10 payload[44]: 48 f7 00 00 05 00 00 50 34 00 00 00 b2 01 02 86 a5 d0 c4 41 3b f8 ef c1 00 d6 a3 3b 44 fa 34 3f ...
[observe]   -> opcode 0xF748 (no decoder yet)
[observe]   -> sent Ack(84) [24 bytes] to 127.0.0.1:9000
[observe] #90 from 127.0.0.1:9001: Seq=85 Id=11 Iter=1 Flags=EncryptedChecksum, BlobFragments Size=60 CRC=0x6A2538CC  [CRC_OK]
[observe]   Frag Seq=110 Id=0x80000000 Count=1 Size=60 Idx=0 Q=10 payload[44]: 48 f7 00 00 05 00 00 50 34 00 00 00 de 01 02 86 33 0d c8 41 9d f8 ef c1 00 d6 a3 3b 43 fa 34 3f ...
[observe]   -> opcode 0xF748 (no decoder yet)
[observe]   -> sent Ack(85) [24 bytes] to 127.0.0.1:9000
[observe] #91 from 127.0.0.1:9001: Seq=86 Id=11 Iter=1 Flags=EncryptedChecksum, BlobFragments Size=60 CRC=0xFBC077A8  [CRC_OK]
[observe]   Frag Seq=111 Id=0x80000000 Count=1 Size=60 Idx=0 Q=10 payload[44]: 48 f7 00 00 05 00 00 50 34 00 00 00 de 01 02 86 f0 45 cb 41 fe f8 ef c1 00 d6 a3 3b 44 fa 34 3f ...
[observe]   -> opcode 0xF748 (no decoder yet)
[observe]   -> sent Ack(86) [24 bytes] to 127.0.0.1:9000
[observe] #92 from 127.0.0.1:9001: Seq=86 Id=11 Iter=1 Flags=AckSequence Size=4 CRC=0x707EB145  [CRC_OK]
[observe]   optional: AckSequence=3
[observe] #93 from 127.0.0.1:9001: Seq=87 Id=11 Iter=1 Flags=EncryptedChecksum, BlobFragments Size=60 CRC=0x61BA3B86  [CRC_OK]
[observe]   Frag Seq=112 Id=0x80000000 Count=1 Size=60 Idx=0 Q=10 payload[44]: 48 f7 00 00 05 00 00 50 34 00 00 00 de 01 02 86 ac fd ce 41 6e f9 ef c1 00 d6 a3 3b 43 fa 34 3f ...
[observe]   -> opcode 0xF748 (no decoder yet)
[observe]   -> sent Ack(87) [24 bytes] to 127.0.0.1:9000
[observe] #94 from 127.0.0.1:9001: Seq=88 Id=11 Iter=1 Flags=EncryptedChecksum, BlobFragments Size=60 CRC=0x1B3C551A  [CRC_OK]
[observe]   Frag Seq=113 Id=0x80000000 Count=1 Size=60 Idx=0 Q=10 payload[44]: 48 f7 00 00 05 00 00 50 34 00 00 00 de 01 02 86 fd 36 d2 41 cf f9 ef c1 00 d6 a3 3b 42 fa 34 3f ...
[observe]   -> opcode 0xF748 (no decoder yet)
[observe]   -> sent Ack(88) [24 bytes] to 127.0.0.1:9000
[observe] #95 from 127.0.0.1:9001: Seq=89 Id=11 Iter=1 Flags=EncryptedChecksum, BlobFragments Size=60 CRC=0x40C362BF  [CRC_OK]
[observe]   Frag Seq=114 Id=0x80000000 Count=1 Size=60 Idx=0 Q=10 payload[44]: 48 f7 00 00 05 00 00 50 34 00 00 00 de 01 02 86 9e 6a d5 41 30 fa ef c1 00 d6 a3 3b 42 fa 34 3f ...
[observe]   -> opcode 0xF748 (no decoder yet)
[observe]   -> sent Ack(89) [24 bytes] to 127.0.0.1:9000
[observe] #96 from 127.0.0.1:9001: Seq=90 Id=11 Iter=1 Flags=EncryptedChecksum, BlobFragments Size=29 CRC=0xAF5661A3  [CRC_OK]
[observe]   Frag Seq=115 Id=0x80000000 Count=1 Size=29 Idx=0 Q=9 payload[13]: cd 02 00 00 02 7d 00 00 00 82 01 00 00
[observe]   -> opcode 0x02CD (no decoder yet)
[observe]   -> sent Ack(90) [24 bytes] to 127.0.0.1:9000
[observe] #97 from 127.0.0.1:9001: Seq=91 Id=11 Iter=1 Flags=EncryptedChecksum, BlobFragments Size=60 CRC=0xB110EBCC  [CRC_OK]
[observe]   Frag Seq=116 Id=0x80000000 Count=1 Size=60 Idx=0 Q=10 payload[44]: 48 f7 00 00 05 00 00 50 34 00 00 00 dc 01 02 86 04 25 d9 41 a1 fa ef c1 00 d6 a3 3b 42 fa 34 3f ...
[observe]   -> opcode 0xF748 (no decoder yet)
[observe]   -> sent Ack(91) [24 bytes] to 127.0.0.1:9000
[observe] #98 from 127.0.0.1:9001: Seq=92 Id=11 Iter=1 Flags=EncryptedChecksum, BlobFragments Size=60 CRC=0xAC46B86C  [CRC_OK]
[observe]   Frag Seq=117 Id=0x80000000 Count=1 Size=60 Idx=0 Q=10 payload[44]: 48 f7 00 00 05 00 00 50 34 00 00 00 dc 01 02 86 7a d5 dc 41 11 fb ef c1 00 d6 a3 3b 42 fa 34 3f ...
[observe]   -> opcode 0xF748 (no decoder yet)
[observe]   -> sent Ack(92) [24 bytes] to 127.0.0.1:9000
[observe] #99 from 127.0.0.1:9001: Seq=93 Id=11 Iter=1 Flags=EncryptedChecksum, BlobFragments Size=60 CRC=0xC45425DD  [CRC_OK]
[observe]   Frag Seq=118 Id=0x80000000 Count=1 Size=60 Idx=0 Q=10 payload[44]: 48 f7 00 00 05 00 00 50 34 00 00 00 dc 01 02 86 89 0b e0 41 72 fb ef c1 00 d6 a3 3b 43 fa 34 3f ...
[observe]   -> opcode 0xF748 (no decoder yet)
[observe]   -> sent Ack(93) [24 bytes] to 127.0.0.1:9000
[observe] #100 from 127.0.0.1:9001: Seq=94 Id=11 Iter=1 Flags=EncryptedChecksum, BlobFragments Size=60 CRC=0x4E4005E0  [CRC_OK]
[observe]   Frag Seq=119 Id=0x80000000 Count=1 Size=60 Idx=0 Q=10 payload[44]: 48 f7 00 00 05 00 00 50 34 00 00 00 dc 01 02 86 e6 48 e3 41 d4 fb ef c1 00 d6 a3 3b 43 fa 34 3f ...
[observe]   -> opcode 0xF748 (no decoder yet)
[observe]   -> sent Ack(94) [24 bytes] to 127.0.0.1:9000
[observe] #101 from 127.0.0.1:9001: Seq=95 Id=11 Iter=1 Flags=EncryptedChecksum, BlobFragments Size=60 CRC=0xD2784A9D  [CRC_OK]
[observe]   Frag Seq=120 Id=0x80000000 Count=1 Size=60 Idx=0 Q=10 payload[44]: 48 f7 00 00 05 00 00 50 34 00 00 00 dc 01 02 86 e6 03 e7 41 45 fc ef c1 00 d6 a3 3b 43 fa 34 3f ...
[observe]   -> opcode 0xF748 (no decoder yet)
[observe]   -> sent Ack(95) [24 bytes] to 127.0.0.1:9000
[observe] #102 from 127.0.0.1:9001: Seq=96 Id=11 Iter=1 Flags=EncryptedChecksum, BlobFragments Size=204 CRC=0x55D9E607  [CRC_OK]
[observe]   Frag Seq=121 Id=0x80000000 Count=1 Size=60 Idx=0 Q=10 payload[44]: 48 f7 00 00 05 00 00 50 34 00 00 00 dc 01 02 86 fc 37 ea 41 a6 fc ef c1 00 d6 a3 3b 44 fa 34 3f ...
[observe]   -> opcode 0xF748 (no decoder yet)
[observe]   Frag Seq=122 Id=0x80000000 Count=1 Size=56 Idx=0 Q=10 payload[40]: 4c f7 00 00 05 00 00 50 04 00 2b 02 2b 02 00 00 08 00 3d 00 06 00 00 50 00 00 00 00 0f ee 00 00 ...
[observe]   -> opcode 0xF74C (no decoder yet)
[observe]   Frag Seq=123 Id=0x80000000 Count=1 Size=88 Idx=0 Q=10 payload[72]: 4c f7 00 00 05 00 00 50 04 00 2c 02 2c 02 00 00 06 00 3d 00 2d 20 60 78 b4 01 02 86 4b c8 70 41 ...
[observe]   -> opcode 0xF74C (no decoder yet)
[observe]   -> sent Ack(96) [24 bytes] to 127.0.0.1:9000
[observe] #103 from 127.0.0.1:9001: Seq=97 Id=11 Iter=1 Flags=EncryptedChecksum, BlobFragments Size=60 CRC=0x2ABFD9A7  [CRC_OK]
[observe]   Frag Seq=124 Id=0x80000000 Count=1 Size=60 Idx=0 Q=10 payload[44]: 48 f7 00 00 05 00 00 50 34 00 00 00 dc 01 02 86 7b 3f ea 41 a7 fc ef c1 00 d6 a3 3b a3 0f 35 3f ...
[observe]   -> opcode 0xF748 (no decoder yet)
[observe]   -> sent Ack(97) [24 bytes] to 127.0.0.1:9000
[observe] #104 from 127.0.0.1:9001: Seq=98 Id=11 Iter=1 Flags=EncryptedChecksum, BlobFragments Size=60 CRC=0xA3E85644  [CRC_OK]
[observe]   Frag Seq=125 Id=0x80000000 Count=1 Size=60 Idx=0 Q=10 payload[44]: 48 f7 00 00 05 00 00 50 34 00 00 00 dc 01 02 86 83 7c e6 41 35 fc ef c1 00 d6 a3 3b a3 0f 35 3f ...
[observe]   -> opcode 0xF748 (no decoder yet)
[observe]   -> sent Ack(98) [24 bytes] to 127.0.0.1:9000
[observe] #105 from 127.0.0.1:9001: Seq=99 Id=11 Iter=1 Flags=EncryptedChecksum, BlobFragments Size=60 CRC=0xCFB93B5D  [CRC_OK]
[observe]   Frag Seq=126 Id=0x80000000 Count=1 Size=60 Idx=0 Q=10 payload[44]: 48 f7 00 00 05 00 00 50 34 00 00 00 dc 01 02 86 48 cd e2 41 c6 fb ef c1 00 d6 a3 3b a3 0f 35 3f ...
[observe]   -> opcode 0xF748 (no decoder yet)
[observe]   -> sent Ack(99) [24 bytes] to 127.0.0.1:9000
[observe] #106 from 127.0.0.1:9001: Seq=100 Id=11 Iter=1 Flags=EncryptedChecksum, BlobFragments Size=60 CRC=0x96B94BC4  [CRC_OK]
[observe]   Frag Seq=127 Id=0x80000000 Count=1 Size=60 Idx=0 Q=10 payload[44]: 48 f7 00 00 05 00 00 50 34 00 00 00 dc 01 02 86 2c 96 df 41 65 fb ef c1 00 d6 a3 3b a3 0f 35 3f ...
[observe]   -> opcode 0xF748 (no decoder yet)
[observe]   -> sent Ack(100) [24 bytes] to 127.0.0.1:9000
[observe] #107 from 127.0.0.1:9001: Seq=101 Id=11 Iter=1 Flags=EncryptedChecksum, BlobFragments Size=60 CRC=0xA5A739A1  [CRC_OK]
[observe]   Frag Seq=128 Id=0x80000000 Count=1 Size=60 Idx=0 Q=10 payload[44]: 48 f7 00 00 05 00 00 50 34 00 00 00 dc 01 02 86 77 d9 db 41 f4 fa ef c1 00 d6 a3 3b a3 0f 35 3f ...
[observe]   -> opcode 0xF748 (no decoder yet)
[observe]   -> sent Ack(101) [24 bytes] to 127.0.0.1:9000
[observe] #108 from 127.0.0.1:9001: Seq=102 Id=11 Iter=1 Flags=EncryptedChecksum, BlobFragments Size=60 CRC=0x5CF30688  [CRC_OK]
[observe]   Frag Seq=129 Id=0x80000000 Count=1 Size=60 Idx=0 Q=10 payload[44]: 48 f7 00 00 05 00 00 50 34 00 00 00 dc 01 02 86 6c 26 d8 41 84 fa ef c1 00 d6 a3 3b a3 0f 35 3f ...
[observe]   -> opcode 0xF748 (no decoder yet)
[observe]   -> sent Ack(102) [24 bytes] to 127.0.0.1:9000
[observe] #109 from 127.0.0.1:9001: Seq=103 Id=11 Iter=1 Flags=EncryptedChecksum, BlobFragments Size=60 CRC=0x2AD0D9F3  [CRC_OK]
[observe]   Frag Seq=130 Id=0x80000000 Count=1 Size=60 Idx=0 Q=10 payload[44]: 48 f7 00 00 05 00 00 50 34 00 00 00 de 01 02 86 22 ee d4 41 23 fa ef c1 00 d6 a3 3b a3 0f 35 3f ...
[observe]   -> opcode 0xF748 (no decoder yet)
[observe]   -> sent Ack(103) [24 bytes] to 127.0.0.1:9000
[observe] #110 from 127.0.0.1:9001: Seq=104 Id=11 Iter=1 Flags=EncryptedChecksum, BlobFragments Size=60 CRC=0xEAD2CC4A  [CRC_OK]
[observe]   Frag Seq=131 Id=0x80000000 Count=1 Size=60 Idx=0 Q=10 payload[44]: 48 f7 00 00 05 00 00 50 34 00 00 00 de 01 02 86 b2 2b d1 41 b1 f9 ef c1 00 d6 a3 3b a3 0f 35 3f ...
[observe]   -> opcode 0xF748 (no decoder yet)
[observe]   -> sent Ack(104) [24 bytes] to 127.0.0.1:9000
[observe] #111 from 127.0.0.1:9001: Seq=105 Id=11 Iter=1 Flags=EncryptedChecksum, BlobFragments Size=60 CRC=0x6148009A  [CRC_OK]
[observe]   Frag Seq=132 Id=0x80000000 Count=1 Size=60 Idx=0 Q=10 payload[44]: 48 f7 00 00 05 00 00 50 34 00 00 00 de 01 02 86 5d ed cd 41 4f f9 ef c1 00 d6 a3 3b a3 0f 35 3f ...
[observe]   -> opcode 0xF748 (no decoder yet)
[observe]   -> sent Ack(105) [24 bytes] to 127.0.0.1:9000
[observe] #112 from 127.0.0.1:9001: Seq=106 Id=11 Iter=1 Flags=EncryptedChecksum, BlobFragments Size=60 CRC=0x267BC272  [CRC_OK]
[observe]   Frag Seq=133 Id=0x80000000 Count=1 Size=60 Idx=0 Q=10 payload[44]: 48 f7 00 00 05 00 00 50 34 00 00 00 de 01 02 86 4c 3b ca 41 df f8 ef c1 00 d6 a3 3b a3 0f 35 3f ...
[observe]   -> opcode 0xF748 (no decoder yet)
[observe]   -> sent Ack(106) [24 bytes] to 127.0.0.1:9000
[observe] #113 from 127.0.0.1:9001: Seq=106 Id=11 Iter=1 Flags=AckSequence Size=4 CRC=0x7080B159  [CRC_OK]
[observe]   optional: AckSequence=3
[observe] #114 from 127.0.0.1:9001: Seq=107 Id=11 Iter=1 Flags=EncryptedChecksum, BlobFragments Size=60 CRC=0x2D4DAA03  [CRC_OK]
[observe]   Frag Seq=134 Id=0x80000000 Count=1 Size=60 Idx=0 Q=10 payload[44]: 48 f7 00 00 05 00 00 50 34 00 00 00 b2 01 02 86 f6 06 c7 41 7e f8 ef c1 00 d6 a3 3b a3 0f 35 3f ...
[observe]   -> opcode 0xF748 (no decoder yet)
[observe]   -> sent Ack(107) [24 bytes] to 127.0.0.1:9000
[observe] #115 from 127.0.0.1:9001: Seq=108 Id=11 Iter=1 Flags=EncryptedChecksum, BlobFragments Size=60 CRC=0xE6C3C2AE  [CRC_OK]
[observe]   Frag Seq=135 Id=0x80000000 Count=1 Size=60 Idx=0 Q=10 payload[44]: 48 f7 00 00 05 00 00 50 34 00 00 00 b2 01 02 86 0b d1 c3 41 1d f8 ef c1 00 d6 a3 3b a3 0f 35 3f ...
[observe]   -> opcode 0xF748 (no decoder yet)
[observe]   -> sent Ack(108) [24 bytes] to 127.0.0.1:9000
[observe] #116 from 127.0.0.1:9001: Seq=109 Id=11 Iter=1 Flags=EncryptedChecksum, BlobFragments Size=60 CRC=0xC0F4685A  [CRC_OK]
[observe]   Frag Seq=136 Id=0x80000000 Count=1 Size=60 Idx=0 Q=10 payload[44]: 48 f7 00 00 05 00 00 50 34 00 00 00 b1 01 02 86 43 16 c0 41 ac f7 ef c1 00 d6 a3 3b a3 0f 35 3f ...
[observe]   -> opcode 0xF748 (no decoder yet)
[observe]   -> sent Ack(109) [24 bytes] to 127.0.0.1:9000
[observe] #117 from 127.0.0.1:9001: Seq=110 Id=11 Iter=1 Flags=EncryptedChecksum, BlobFragments Size=60 CRC=0xBB3E63B5  [CRC_OK]
[observe]   Frag Seq=137 Id=0x80000000 Count=1 Size=60 Idx=0 Q=10 payload[44]: 48 f7 00 00 05 00 00 50 34 00 00 00 b1 01 02 86 f1 5e bc 41 3c f7 ef c1 00 d6 a3 3b a3 0f 35 3f ...
[observe]   -> opcode 0xF748 (no decoder yet)
[observe]   -> sent Ack(110) [24 bytes] to 127.0.0.1:9000
[observe] #118 from 127.0.0.1:9001: Seq=111 Id=11 Iter=1 Flags=EncryptedChecksum, BlobFragments Size=60 CRC=0x776FEB5A  [CRC_OK]
[observe]   Frag Seq=138 Id=0x80000000 Count=1 Size=60 Idx=0 Q=10 payload[44]: 48 f7 00 00 05 00 00 50 34 00 00 00 b1 01 02 86 e4 29 b9 41 db f6 ef c1 00 d6 a3 3b a3 0f 35 3f ...
[observe]   -> opcode 0xF748 (no decoder yet)
[observe]   -> sent Ack(111) [24 bytes] to 127.0.0.1:9000
[observe] #119 from 127.0.0.1:9001: Seq=112 Id=11 Iter=1 Flags=EncryptedChecksum, BlobFragments Size=60 CRC=0x9352596E  [CRC_OK]
[observe]   Frag Seq=139 Id=0x80000000 Count=1 Size=60 Idx=0 Q=10 payload[44]: 48 f7 00 00 05 00 00 50 34 00 00 00 b1 01 02 86 d2 f4 b5 41 7a f6 ef c1 00 d6 a3 3b a3 0f 35 3f ...
[observe]   -> opcode 0xF748 (no decoder yet)
[observe]   -> sent Ack(112) [24 bytes] to 127.0.0.1:9000
[observe] #120 from 127.0.0.1:9001: Seq=113 Id=11 Iter=1 Flags=EncryptedChecksum, BlobFragments Size=60 CRC=0x51BB7948  [CRC_OK]
[observe]   Frag Seq=140 Id=0x80000000 Count=1 Size=60 Idx=0 Q=10 payload[44]: 48 f7 00 00 05 00 00 50 34 00 00 00 b1 01 02 86 81 bb b2 41 19 f6 ef c1 00 d6 a3 3b a3 0f 35 3f ...
[observe]   -> opcode 0xF748 (no decoder yet)
[observe]   -> sent Ack(113) [24 bytes] to 127.0.0.1:9000
[observe] #121 from 127.0.0.1:9001: Seq=114 Id=11 Iter=1 Flags=EncryptedChecksum, BlobFragments Size=60 CRC=0xFB7597AF  [CRC_OK]
[observe]   Frag Seq=141 Id=0x80000000 Count=1 Size=60 Idx=0 Q=10 payload[44]: 48 f7 00 00 05 00 00 50 34 00 00 00 b1 01 02 86 81 86 af 41 b8 f5 ef c1 00 d6 a3 3b a3 0f 35 3f ...
[observe]   -> opcode 0xF748 (no decoder yet)
[observe]   -> sent Ack(114) [24 bytes] to 127.0.0.1:9000
[observe] #122 from 127.0.0.1:9001: Seq=115 Id=11 Iter=1 Flags=EncryptedChecksum, BlobFragments Size=56 CRC=0x7E9B3AB0  [CRC_OK]
[observe]   Frag Seq=142 Id=0x80000000 Count=1 Size=56 Idx=0 Q=10 payload[40]: 4c f7 00 00 05 00 00 50 04 00 2d 02 2d 02 00 00 08 00 3d 00 06 00 00 50 00 00 00 00 0f ee 00 00 ...
[observe]   -> opcode 0xF74C (no decoder yet)
[observe]   -> sent Ack(115) [24 bytes] to 127.0.0.1:9000
[observe] #123 from 127.0.0.1:9001: Seq=116 Id=11 Iter=1 Flags=EncryptedChecksum, BlobFragments Size=60 CRC=0x9CF78BCD  [CRC_OK]
[observe]   Frag Seq=143 Id=0x80000000 Count=1 Size=60 Idx=0 Q=10 payload[44]: 48 f7 00 00 05 00 00 50 34 00 00 00 b1 01 02 86 00 c7 ab 41 47 f5 ef c1 00 d6 a3 3b a3 0f 35 3f ...
[observe]   -> opcode 0xF748 (no decoder yet)
[observe]   -> sent Ack(116) [24 bytes] to 127.0.0.1:9000
[observe] #124 from 127.0.0.1:9001: Seq=117 Id=11 Iter=1 Flags=EncryptedChecksum, BlobFragments Size=60 CRC=0x7D341079  [CRC_OK]
[observe]   Frag Seq=144 Id=0x80000000 Count=1 Size=60 Idx=0 Q=10 payload[44]: 48 f7 00 00 05 00 00 50 34 00 00 00 b1 01 02 86 ca 90 a8 41 e6 f4 ef c1 00 d6 a3 3b a4 0f 35 3f ...
[observe]   -> opcode 0xF748 (no decoder yet)
[observe]   -> sent Ack(117) [24 bytes] to 127.0.0.1:9000
[observe] #125 from 127.0.0.1:9001: Seq=118 Id=11 Iter=1 Flags=EncryptedChecksum, BlobFragments Size=60 CRC=0xC544DB38  [CRC_OK]
[observe]   Frag Seq=145 Id=0x80000000 Count=1 Size=60 Idx=0 Q=10 payload[44]: 48 f7 00 00 05 00 00 50 34 00 00 00 b1 01 02 86 7e d4 a4 41 75 f4 ef c1 00 d6 a3 3b a4 0f 35 3f ...
[observe]   -> opcode 0xF748 (no decoder yet)
[observe]   -> sent Ack(118) [24 bytes] to 127.0.0.1:9000
[observe] #126 from 127.0.0.1:9001: Seq=119 Id=11 Iter=1 Flags=EncryptedChecksum, BlobFragments Size=60 CRC=0x3EEAB93C  [CRC_OK]
[observe]   Frag Seq=146 Id=0x80000000 Count=1 Size=60 Idx=0 Q=10 payload[44]: 48 f7 00 00 05 00 00 50 34 00 00 00 b1 01 02 86 eb 28 a1 41 06 f4 ef c1 00 d6 a3 3b a4 0f 35 3f ...
[observe]   -> opcode 0xF748 (no decoder yet)
[observe]   -> sent Ack(119) [24 bytes] to 127.0.0.1:9000
[observe] #127 from 127.0.0.1:9001: Seq=120 Id=11 Iter=1 Flags=EncryptedChecksum, BlobFragments Size=60 CRC=0xDCD38577  [CRC_OK]
[observe]   Frag Seq=147 Id=0x80000000 Count=1 Size=60 Idx=0 Q=10 payload[44]: 48 f7 00 00 05 00 00 50 34 00 00 00 b1 01 02 86 3d f5 9d 41 a5 f3 ef c1 00 d6 a3 3b a4 0f 35 3f ...
[observe]   -> opcode 0xF748 (no decoder yet)
[observe]   -> sent Ack(120) [24 bytes] to 127.0.0.1:9000
[observe] #128 from 127.0.0.1:9001: Seq=121 Id=11 Iter=1 Flags=EncryptedChecksum, BlobFragments Size=60 CRC=0x52CC66ED  [CRC_OK]
[observe]   Frag Seq=148 Id=0x80000000 Count=1 Size=60 Idx=0 Q=10 payload[44]: 48 f7 00 00 05 00 00 50 34 00 00 00 b1 01 02 86 8c c0 9a 41 44 f3 ef c1 00 d6 a3 3b a3 0f 35 3f ...
[observe]   -> opcode 0xF748 (no decoder yet)
[observe]   -> sent Ack(121) [24 bytes] to 127.0.0.1:9000
[observe] #129 from 127.0.0.1:9001: Seq=122 Id=11 Iter=1 Flags=EncryptedChecksum, BlobFragments Size=60 CRC=0xD80C4F85  [CRC_OK]
[observe]   Frag Seq=149 Id=0x80000000 Count=1 Size=60 Idx=0 Q=10 payload[44]: 48 f7 00 00 05 00 00 50 34 00 00 00 b1 01 02 86 c5 81 97 41 e2 f2 ef c1 00 d6 a3 3b a3 0f 35 3f ...
[observe]   -> opcode 0xF748 (no decoder yet)
[observe]   -> sent Ack(122) [24 bytes] to 127.0.0.1:9000
[observe] #130 from 127.0.0.1:9001: Seq=123 Id=11 Iter=1 Flags=EncryptedChecksum, BlobFragments Size=60 CRC=0x166E68C1  [CRC_OK]
[observe]   Frag Seq=150 Id=0x80000000 Count=1 Size=60 Idx=0 Q=10 payload[44]: 48 f7 00 00 05 00 00 50 34 00 00 00 b1 01 02 86 98 d4 93 41 73 f2 ef c1 00 d6 a3 3b a4 0f 35 3f ...
[observe]   -> opcode 0xF748 (no decoder yet)
[observe]   -> sent Ack(123) [24 bytes] to 127.0.0.1:9000
[observe] #131 from 127.0.0.1:9001: Seq=124 Id=11 Iter=1 Flags=EncryptedChecksum, BlobFragments Size=60 CRC=0x8CB31C93  [CRC_OK]
[observe]   Frag Seq=151 Id=0x80000000 Count=1 Size=60 Idx=0 Q=10 payload[44]: 48 f7 00 00 05 00 00 50 34 00 00 00 b1 01 02 86 7a 94 90 41 11 f2 ef c1 00 d6 a3 3b a5 0f 35 3f ...
[observe]   -> opcode 0xF748 (no decoder yet)
[observe]   -> sent Ack(124) [24 bytes] to 127.0.0.1:9000
[observe] #132 from 127.0.0.1:9001: Seq=125 Id=11 Iter=1 Flags=EncryptedChecksum, BlobFragments Size=60 CRC=0xC9C28B19  [CRC_OK]
[observe]   Frag Seq=152 Id=0x80000000 Count=1 Size=60 Idx=0 Q=10 payload[44]: 48 f7 00 00 05 00 00 50 34 00 00 00 b1 01 02 86 65 5c 8d 41 b0 f1 ef c1 00 d6 a3 3b a7 0f 35 3f ...
[observe]   -> opcode 0xF748 (no decoder yet)
[observe]   -> sent Ack(125) [24 bytes] to 127.0.0.1:9000
[observe] #133 from 127.0.0.1:9001: Seq=125 Id=11 Iter=1 Flags=AckSequence Size=4 CRC=0x7082B16C  [CRC_OK]
[observe]   optional: AckSequence=3
[observe] #134 from 127.0.0.1:9001: Seq=126 Id=11 Iter=1 Flags=EncryptedChecksum, BlobFragments Size=60 CRC=0x93146456  [CRC_OK]
[observe]   Frag Seq=153 Id=0x80000000 Count=1 Size=60 Idx=0 Q=10 payload[44]: 48 f7 00 00 05 00 00 50 34 00 00 00 b1 01 02 86 56 9c 89 41 3e f1 ef c1 00 d6 a3 3b ac 0f 35 3f ...
[observe]   -> opcode 0xF748 (no decoder yet)
[observe]   -> sent Ack(126) [24 bytes] to 127.0.0.1:9000
[observe] #135 from 127.0.0.1:9001: Seq=127 Id=11 Iter=1 Flags=EncryptedChecksum, BlobFragments Size=60 CRC=0x88F9BA91  [CRC_OK]
[observe]   Frag Seq=154 Id=0x80000000 Count=1 Size=60 Idx=0 Q=10 payload[44]: 48 f7 00 00 05 00 00 50 34 00 00 00 b1 01 02 86 f3 e8 85 41 ce f0 ef c1 00 d6 a3 3b a7 0f 35 3f ...
[observe]   -> opcode 0xF748 (no decoder yet)
[observe]   -> sent Ack(127) [24 bytes] to 127.0.0.1:9000
[observe] #136 from 127.0.0.1:9001: Seq=128 Id=11 Iter=1 Flags=EncryptedChecksum, BlobFragments Size=60 CRC=0x104A490E  [CRC_OK]
[observe]   Frag Seq=155 Id=0x80000000 Count=1 Size=60 Idx=0 Q=10 payload[44]: 48 f7 00 00 05 00 00 50 34 00 00 00 b1 01 02 86 25 64 84 41 a0 f0 ef c1 00 d6 a3 3b a8 0f 35 3f ...
[observe]   -> opcode 0xF748 (no decoder yet)
[observe]   -> sent Ack(128) [24 bytes] to 127.0.0.1:9000
[observe] #137 from 127.0.0.1:9001: Seq=129 Id=11 Iter=1 Flags=EncryptedChecksum, BlobFragments Size=132 CRC=0xFCA672EA  [CRC_OK]
[observe]   Frag Seq=156 Id=0x80000000 Count=1 Size=56 Idx=0 Q=10 payload[40]: 4c f7 00 00 05 00 00 50 04 00 2e 02 2e 02 00 00 08 00 3d 00 2d 20 60 78 00 00 00 00 0f ee 00 00 ...
[observe]   -> opcode 0xF74C (no decoder yet)
[observe]   Frag Seq=157 Id=0x80000000 Count=1 Size=44 Idx=0 Q=10 payload[28]: 4c f7 00 00 2d 20 60 78 00 00 a3 00 a3 00 00 00 00 00 3d 00 03 00 00 00 3d 00 0b 00
[observe]   -> opcode 0xF74C (no decoder yet)
[observe]   Frag Seq=158 Id=0x80000000 Count=1 Size=32 Idx=0 Q=10 payload[16]: 4b f7 00 00 2d 20 60 78 1c 00 01 00 00 00 a3 00
[observe]   -> opcode 0xF74B (no decoder yet)
[observe]   -> sent Ack(129) [24 bytes] to 127.0.0.1:9000
[observe] #138 from 127.0.0.1:9001: Seq=130 Id=11 Iter=1 Flags=EncryptedChecksum, BlobFragments Size=56 CRC=0x735B5C81  [CRC_OK]
[observe]   Frag Seq=159 Id=0x80000000 Count=1 Size=56 Idx=0 Q=10 payload[40]: 4c f7 00 00 05 00 00 50 04 00 2f 02 2f 02 00 00 08 00 3d 00 06 00 00 50 00 00 00 00 0f ee 00 00 ...
[observe]   -> opcode 0xF74C (no decoder yet)
[observe]   -> sent Ack(130) [24 bytes] to 127.0.0.1:9000
[observe] #139 from 127.0.0.1:9001: Seq=131 Id=11 Iter=1 Flags=EncryptedChecksum, BlobFragments Size=60 CRC=0x13CF83F2  [CRC_OK]
[observe]   Frag Seq=160 Id=0x80000000 Count=1 Size=60 Idx=0 Q=10 payload[44]: 48 f7 00 00 05 00 00 50 34 00 00 00 b1 01 02 86 25 64 84 41 a0 f0 ef c1 00 d6 a3 3b a8 0f 35 3f ...
[observe]   -> opcode 0xF748 (no decoder yet)
[observe]   -> sent Ack(131) [24 bytes] to 127.0.0.1:9000
[observe] #140 from 127.0.0.1:9001: Seq=132 Id=11 Iter=1 Flags=EncryptedChecksum, BlobFragments Size=60 CRC=0x9EAAC8E4  [CRC_OK]
[observe]   Frag Seq=161 Id=0x80000000 Count=1 Size=60 Idx=0 Q=10 payload[44]: 48 f7 00 00 05 00 00 50 34 00 00 00 b1 01 02 86 f2 30 81 41 3f f0 ef c1 00 d6 a3 3b a5 0f 35 3f ...
[observe]   -> opcode 0xF748 (no decoder yet)
[observe]   -> sent Ack(132) [24 bytes] to 127.0.0.1:9000
[observe] #141 from 127.0.0.1:9001: Seq=133 Id=11 Iter=1 Flags=EncryptedChecksum, BlobFragments Size=60 CRC=0x47AB2AA1  [CRC_OK]
[observe]   Frag Seq=162 Id=0x80000000 Count=1 Size=60 Idx=0 Q=10 payload[44]: 48 f7 00 00 05 00 00 50 34 00 00 00 b1 01 02 86 02 ff 7a 41 cf ef ef c1 00 d6 a3 3b a5 0f 35 3f ...
[observe]   -> opcode 0xF748 (no decoder yet)
[observe]   -> sent Ack(133) [24 bytes] to 127.0.0.1:9000
[observe] #142 from 127.0.0.1:9001: Seq=134 Id=11 Iter=1 Flags=EncryptedChecksum, BlobFragments Size=60 CRC=0x98BE5FAB  [CRC_OK]
[observe]   Frag Seq=163 Id=0x80000000 Count=1 Size=60 Idx=0 Q=10 payload[44]: 48 f7 00 00 05 00 00 50 34 00 00 00 b4 01 02 86 db 8f 73 41 5f ef ef c1 00 d6 a3 3b a5 0f 35 3f ...
[observe]   -> opcode 0xF748 (no decoder yet)
[observe]   -> sent Ack(134) [24 bytes] to 127.0.0.1:9000
[observe] #143 from 127.0.0.1:9001: Seq=135 Id=11 Iter=1 Flags=EncryptedChecksum, BlobFragments Size=60 CRC=0xC75A86DA  [CRC_OK]
[observe]   Frag Seq=164 Id=0x80000000 Count=1 Size=60 Idx=0 Q=10 payload[44]: 48 f7 00 00 05 00 00 50 34 00 00 00 ad 01 02 86 51 25 6d 41 fe ee ef c1 00 d6 a3 3b a5 0f 35 3f ...
[observe]   -> opcode 0xF748 (no decoder yet)
[observe]   -> sent Ack(135) [24 bytes] to 127.0.0.1:9000
[observe] #144 from 127.0.0.1:9001: Seq=136 Id=11 Iter=1 Flags=EncryptedChecksum, BlobFragments Size=60 CRC=0xD16D0C82  [CRC_OK]
[observe]   Frag Seq=165 Id=0x80000000 Count=1 Size=60 Idx=0 Q=10 payload[44]: 48 f7 00 00 05 00 00 50 34 00 00 00 ad 01 02 86 f2 ab 66 41 9c ee ef c1 00 d6 a3 3b a5 0f 35 3f ...
[observe]   -> opcode 0xF748 (no decoder yet)
[observe]   -> sent Ack(136) [24 bytes] to 127.0.0.1:9000
[observe] #145 from 127.0.0.1:9001: Seq=137 Id=11 Iter=1 Flags=EncryptedChecksum, BlobFragments Size=60 CRC=0x90C113A6  [CRC_OK]
[observe]   Frag Seq=166 Id=0x80000000 Count=1 Size=60 Idx=0 Q=10 payload[44]: 48 f7 00 00 05 00 00 50 34 00 00 00 ad 01 02 86 b9 42 60 41 3b ee ef c1 00 d6 a3 3b a5 0f 35 3f ...
[observe]   -> opcode 0xF748 (no decoder yet)
[observe]   -> sent Ack(137) [24 bytes] to 127.0.0.1:9000
[observe] #146 from 127.0.0.1:9001: Seq=138 Id=11 Iter=1 Flags=EncryptedChecksum, BlobFragments Size=60 CRC=0x79583EC2  [CRC_OK]
[observe]   Frag Seq=167 Id=0x80000000 Count=1 Size=60 Idx=0 Q=10 payload[44]: 48 f7 00 00 05 00 00 50 34 00 00 00 ad 01 02 86 17 db 59 41 da ed ef c1 00 d6 a3 3b a5 0f 35 3f ...
[observe]   -> opcode 0xF748 (no decoder yet)
[observe]   -> sent Ack(138) [24 bytes] to 127.0.0.1:9000
[observe] #147 from 127.0.0.1:9001: Seq=139 Id=11 Iter=1 Flags=EncryptedChecksum, BlobFragments Size=60 CRC=0xD14C8F35  [CRC_OK]
[observe]   Frag Seq=168 Id=0x80000000 Count=1 Size=60 Idx=0 Q=10 payload[44]: 48 f7 00 00 05 00 00 50 34 00 00 00 ad 01 02 86 67 63 52 41 69 ed ef c1 00 d6 a3 3b a5 0f 35 3f ...
[observe]   -> opcode 0xF748 (no decoder yet)
[observe]   -> sent Ack(139) [24 bytes] to 127.0.0.1:9000
[observe] #148 from 127.0.0.1:9001: Seq=140 Id=11 Iter=1 Flags=EncryptedChecksum, BlobFragments Size=60 CRC=0x233505B4  [CRC_OK]
[observe]   Frag Seq=169 Id=0x80000000 Count=1 Size=60 Idx=0 Q=10 payload[44]: 48 f7 00 00 05 00 00 50 34 00 00 00 ad 01 02 86 52 fb 4b 41 08 ed ef c1 00 d6 a3 3b a5 0f 35 3f ...
[observe]   -> opcode 0xF748 (no decoder yet)
[observe]   -> sent Ack(140) [24 bytes] to 127.0.0.1:9000
[observe] #149 from 127.0.0.1:9001: Seq=141 Id=11 Iter=1 Flags=EncryptedChecksum, BlobFragments Size=60 CRC=0x3F29A174  [CRC_OK]
[observe]   Frag Seq=170 Id=0x80000000 Count=1 Size=60 Idx=0 Q=10 payload[44]: 48 f7 00 00 05 00 00 50 34 00 00 00 ad 01 02 86 26 82 45 41 a6 ec ef c1 00 d6 a3 3b a5 0f 35 3f ...
[observe]   -> opcode 0xF748 (no decoder yet)
[observe]   -> sent Ack(141) [24 bytes] to 127.0.0.1:9000
[observe] #150 from 127.0.0.1:9001: Seq=141 Id=11 Iter=1 Flags=AckSequence Size=4 CRC=0x7084B17C  [CRC_OK]
[observe]   optional: AckSequence=3
[observe] #151 from 127.0.0.1:9001: Seq=142 Id=11 Iter=1 Flags=EncryptedChecksum, BlobFragments Size=60 CRC=0x4E1B85C7  [CRC_OK]
[observe]   Frag Seq=171 Id=0x80000000 Count=1 Size=60 Idx=0 Q=10 payload[44]: 48 f7 00 00 05 00 00 50 34 00 00 00 ad 01 02 86 a6 ff 3d 41 34 ec ef c1 00 d6 a3 3b a4 0f 35 3f ...
[observe]   -> opcode 0xF748 (no decoder yet)
[observe]   -> sent Ack(142) [24 bytes] to 127.0.0.1:9000
[observe] #152 from 127.0.0.1:9001: Seq=143 Id=11 Iter=1 Flags=EncryptedChecksum, TimeSync Size=8 CRC=0xC5CFAC69  [CRC_OK]
[observe]   optional: TimeSync=294106510.19554406
[observe]   -> sent Ack(143) [24 bytes] to 127.0.0.1:9000
[observe]   -> sent TimeSync(294106510.19554406) [28 bytes]
[observe] #153 from 127.0.0.1:9001: Seq=144 Id=11 Iter=1 Flags=EncryptedChecksum, BlobFragments Size=60 CRC=0x6C564122  [CRC_OK]
[observe]   Frag Seq=172 Id=0x80000000 Count=1 Size=60 Idx=0 Q=10 payload[44]: 48 f7 00 00 05 00 00 50 34 00 00 00 ad 01 02 86 7a a5 36 41 c5 eb ef c1 00 d6 a3 3b a3 0f 35 3f ...
[observe]   -> opcode 0xF748 (no decoder yet)
[observe]   -> sent Ack(144) [24 bytes] to 127.0.0.1:9000
[observe] #154 from 127.0.0.1:9001: Seq=145 Id=11 Iter=1 Flags=EncryptedChecksum, BlobFragments Size=60 CRC=0x44CCAF6D  [CRC_OK]
[observe]   Frag Seq=173 Id=0x80000000 Count=1 Size=60 Idx=0 Q=10 payload[44]: 48 f7 00 00 05 00 00 50 34 00 00 00 ad 01 02 86 de 24 30 41 63 eb ef c1 00 d6 a3 3b a4 0f 35 3f ...
[observe]   -> opcode 0xF748 (no decoder yet)
[observe]   -> sent Ack(145) [24 bytes] to 127.0.0.1:9000
[observe] #155 from 127.0.0.1:9001: Seq=146 Id=11 Iter=1 Flags=EncryptedChecksum, BlobFragments Size=60 CRC=0x5473AC5A  [CRC_OK]
[observe]   Frag Seq=174 Id=0x80000000 Count=1 Size=60 Idx=0 Q=10 payload[44]: 48 f7 00 00 05 00 00 50 34 00 00 00 ad 01 02 86 a7 bc 29 41 02 eb ef c1 00 d6 a3 3b a4 0f 35 3f ...
[observe]   -> opcode 0xF748 (no decoder yet)
[observe]   -> sent Ack(146) [24 bytes] to 127.0.0.1:9000
[observe] #156 from 127.0.0.1:9001: Seq=147 Id=11 Iter=1 Flags=EncryptedChecksum, BlobFragments Size=60 CRC=0x9FF34125  [CRC_OK]
[observe]   Frag Seq=175 Id=0x80000000 Count=1 Size=60 Idx=0 Q=10 payload[44]: 48 f7 00 00 05 00 00 50 34 00 00 00 ad 01 02 86 be 4d 22 41 92 ea ef c1 00 d6 a3 3b a4 0f 35 3f ...
[observe]   -> opcode 0xF748 (no decoder yet)
[observe]   -> sent Ack(147) [24 bytes] to 127.0.0.1:9000
[observe] #157 from 127.0.0.1:9001: Seq=148 Id=11 Iter=1 Flags=EncryptedChecksum, BlobFragments Size=60 CRC=0x2BE679BB  [CRC_OK]
[observe]   Frag Seq=176 Id=0x80000000 Count=1 Size=60 Idx=0 Q=10 payload[44]: 48 f7 00 00 05 00 00 50 34 00 00 00 ad 01 02 86 2b e5 1b 41 31 ea ef c1 00 d6 a3 3b a5 0f 35 3f ...
[observe]   -> opcode 0xF748 (no decoder yet)
[observe]   -> sent Ack(148) [24 bytes] to 127.0.0.1:9000
[observe] #158 from 127.0.0.1:9001: Seq=149 Id=11 Iter=1 Flags=EncryptedChecksum, BlobFragments Size=60 CRC=0xC8093327  [CRC_OK]
[observe]   Frag Seq=177 Id=0x80000000 Count=1 Size=60 Idx=0 Q=10 payload[44]: 48 f7 00 00 05 00 00 50 34 00 00 00 ad 01 02 86 c0 7e 14 41 c1 e9 ef c1 00 d6 a3 3b a5 0f 35 3f ...
[observe]   -> opcode 0xF748 (no decoder yet)
[observe]   -> sent Ack(149) [24 bytes] to 127.0.0.1:9000
[observe] #159 from 127.0.0.1:9001: Seq=150 Id=11 Iter=1 Flags=EncryptedChecksum, BlobFragments Size=60 CRC=0xBBAE15B6  [CRC_OK]
[observe]   Frag Seq=178 Id=0x80000000 Count=1 Size=60 Idx=0 Q=10 payload[44]: 48 f7 00 00 05 00 00 50 34 00 00 00 ad 01 02 86 54 f4 0d 41 5e e9 ef c1 00 d6 a3 3b a5 0f 35 3f ...
[observe]   -> opcode 0xF748 (no decoder yet)
[observe]   -> sent Ack(150) [24 bytes] to 127.0.0.1:9000
[observe] #160 from 127.0.0.1:9001: Seq=151 Id=11 Iter=1 Flags=EncryptedChecksum, BlobFragments Size=56 CRC=0xB149F325  [CRC_OK]
[observe]   Frag Seq=179 Id=0x80000000 Count=1 Size=56 Idx=0 Q=10 payload[40]: 4c f7 00 00 05 00 00 50 04 00 30 02 30 02 00 00 08 00 3d 00 06 00 00 50 00 00 00 00 0f ee 00 00 ...
[observe]   -> opcode 0xF74C (no decoder yet)
[observe]   -> sent Ack(151) [24 bytes] to 127.0.0.1:9000
[observe] #161 from 127.0.0.1:9001: Seq=152 Id=11 Iter=1 Flags=EncryptedChecksum, BlobFragments Size=60 CRC=0xB1D7F367  [CRC_OK]
[observe]   Frag Seq=180 Id=0x80000000 Count=1 Size=60 Idx=0 Q=10 payload[44]: 48 f7 00 00 05 00 00 50 34 00 00 00 ad 01 02 86 cd 7a 06 41 ed e8 ef c1 00 d6 a3 3b a4 0f 35 3f ...
[observe]   -> opcode 0xF748 (no decoder yet)
[observe]   -> sent Ack(152) [24 bytes] to 127.0.0.1:9000
[observe] #162 from 127.0.0.1:9001: Seq=153 Id=11 Iter=1 Flags=EncryptedChecksum, BlobFragments Size=60 CRC=0xDFA4ACAD  [CRC_OK]
[observe]   Frag Seq=181 Id=0x80000000 Count=1 Size=60 Idx=0 Q=10 payload[44]: 48 f7 00 00 05 00 00 50 34 00 00 00 ad 01 02 86 b2 19 fe 40 7d e8 ef c1 00 d6 a3 3b a5 0f 35 3f ...
[observe]   -> opcode 0xF748 (no decoder yet)
[observe]   -> sent Ack(153) [24 bytes] to 127.0.0.1:9000
[observe] #163 from 127.0.0.1:9001: Seq=154 Id=11 Iter=1 Flags=EncryptedChecksum, BlobFragments Size=60 CRC=0x69CA594E  [CRC_OK]
[observe]   Frag Seq=182 Id=0x80000000 Count=1 Size=60 Idx=0 Q=10 payload[44]: 48 f7 00 00 05 00 00 50 34 00 00 00 ad 01 02 86 c6 34 f1 40 1b e8 ef c1 00 d6 a3 3b a5 0f 35 3f ...
[observe]   -> opcode 0xF748 (no decoder yet)
[observe]   -> sent Ack(154) [24 bytes] to 127.0.0.1:9000
[observe] #164 from 127.0.0.1:9001: Seq=155 Id=11 Iter=1 Flags=EncryptedChecksum, BlobFragments Size=29 CRC=0xC65856A7  [CRC_OK]
[observe]   Frag Seq=183 Id=0x80000000 Count=1 Size=29 Idx=0 Q=9 payload[13]: cd 02 00 00 03 7d 00 00 00 89 01 00 00
[observe]   -> opcode 0x02CD (no decoder yet)
[observe]   -> sent Ack(155) [24 bytes] to 127.0.0.1:9000
[observe] #165 from 127.0.0.1:9001: Seq=156 Id=11 Iter=1 Flags=EncryptedChecksum, BlobFragments Size=60 CRC=0x60005604  [CRC_OK]
[observe]   Frag Seq=184 Id=0x80000000 Count=1 Size=60 Idx=0 Q=10 payload[44]: 48 f7 00 00 05 00 00 50 34 00 00 00 ad 01 02 86 ea 65 e2 40 ab e7 ef c1 00 d6 a3 3b a4 0f 35 3f ...
[observe]   -> opcode 0xF748 (no decoder yet)
[observe]   -> sent Ack(156) [24 bytes] to 127.0.0.1:9000
[observe] #166 from 127.0.0.1:9001: Seq=157 Id=11 Iter=1 Flags=EncryptedChecksum, BlobFragments Size=60 CRC=0x4ABB37CC  [CRC_OK]
[observe]   Frag Seq=185 Id=0x80000000 Count=1 Size=60 Idx=0 Q=10 payload[44]: 48 f7 00 00 05 00 00 50 34 00 00 00 ad 01 02 86 ea 84 d5 40 4a e7 ef c1 00 d6 a3 3b a3 0f 35 3f ...
[observe]   -> opcode 0xF748 (no decoder yet)
[observe]   -> sent Ack(157) [24 bytes] to 127.0.0.1:9000
[observe] #167 from 127.0.0.1:9001: Seq=158 Id=11 Iter=1 Flags=EncryptedChecksum, BlobFragments Size=60 CRC=0x9297CEB4  [CRC_OK]
[observe]   Frag Seq=186 Id=0x80000000 Count=1 Size=60 Idx=0 Q=10 payload[44]: 48 f7 00 00 05 00 00 50 34 00 00 00 ad 01 02 86 f8 90 c6 40 d9 e6 ef c1 00 d6 a3 3b a5 0f 35 3f ...
[observe]   -> opcode 0xF748 (no decoder yet)
[observe]   -> sent Ack(158) [24 bytes] to 127.0.0.1:9000
[observe] #168 from 127.0.0.1:9001: Seq=159 Id=11 Iter=1 Flags=EncryptedChecksum, BlobFragments Size=60 CRC=0xABA09BCD  [CRC_OK]
[observe]   Frag Seq=187 Id=0x80000000 Count=1 Size=60 Idx=0 Q=10 payload[44]: 48 f7 00 00 05 00 00 50 34 00 00 00 ad 01 02 86 00 bb b9 40 78 e6 ef c1 00 d6 a3 3b a7 0f 35 3f ...
[observe]   -> opcode 0xF748 (no decoder yet)
[observe]   -> sent Ack(159) [24 bytes] to 127.0.0.1:9000
[observe] #169 from 127.0.0.1:9001: Seq=160 Id=11 Iter=1 Flags=EncryptedChecksum, BlobFragments Size=60 CRC=0xAE36DE54  [CRC_OK]
[observe]   Frag Seq=188 Id=0x80000000 Count=1 Size=60 Idx=0 Q=10 payload[44]: 48 f7 00 00 05 00 00 50 34 00 00 00 ad 01 02 86 60 fd aa 40 08 e6 ef c1 00 d6 a3 3b a9 0f 35 3f ...
[observe]   -> opcode 0xF748 (no decoder yet)
[observe]   -> sent Ack(160) [24 bytes] to 127.0.0.1:9000
[observe] #170 from 127.0.0.1:9001: Seq=161 Id=11 Iter=1 Flags=EncryptedChecksum, BlobFragments Size=60 CRC=0xC819B9AD  [CRC_OK]
[observe]   Frag Seq=189 Id=0x80000000 Count=1 Size=60 Idx=0 Q=10 payload[44]: 48 f7 00 00 05 00 00 50 34 00 00 00 ad 01 02 86 98 90 a1 40 c1 e5 ef c1 00 d6 a3 3b 9a 0f 35 3f ...
[observe]   -> opcode 0xF748 (no decoder yet)
[observe]   -> sent Ack(161) [24 bytes] to 127.0.0.1:9000
[observe] #171 from 127.0.0.1:9001: Seq=161 Id=11 Iter=1 Flags=AckSequence Size=4 CRC=0x7086B190  [CRC_OK]
[observe]   optional: AckSequence=3
[observe] #172 from 127.0.0.1:9001: Seq=162 Id=11 Iter=1 Flags=EncryptedChecksum, BlobFragments Size=56 CRC=0xFCF72549  [CRC_OK]
[observe]   Frag Seq=190 Id=0x80000000 Count=1 Size=56 Idx=0 Q=10 payload[40]: 4c f7 00 00 05 00 00 50 04 00 31 02 31 02 00 00 08 00 3d 00 06 00 00 50 00 00 00 00 0f ee 00 00 ...
[observe]   -> opcode 0xF74C (no decoder yet)
[observe]   -> sent Ack(162) [24 bytes] to 127.0.0.1:9000
[observe] #173 from 127.0.0.1:9001: Seq=162 Id=11 Iter=1 Flags=AckSequence Size=4 CRC=0x7088B191  [CRC_OK]
[observe]   optional: AckSequence=3
[observe] #174 from 127.0.0.1:9001: Seq=163 Id=11 Iter=1 Flags=EncryptedChecksum, BlobFragments Size=56 CRC=0x3E071203  [CRC_OK]
[observe]   Frag Seq=191 Id=0x80000000 Count=1 Size=56 Idx=0 Q=10 payload[40]: 4c f7 00 00 05 00 00 50 04 00 32 02 32 02 00 00 08 00 3d 00 06 00 00 50 00 00 00 00 0f ee 00 00 ...
[observe]   -> opcode 0xF74C (no decoder yet)
[observe]   -> sent Ack(163) [24 bytes] to 127.0.0.1:9000
[observe] #175 from 127.0.0.1:9001: Seq=163 Id=11 Iter=1 Flags=AckSequence Size=4 CRC=0x708AB192  [CRC_OK]
[observe]   optional: AckSequence=3
[observe] #176 from 127.0.0.1:9001: Seq=164 Id=11 Iter=1 Flags=EncryptedChecksum, BlobFragments Size=56 CRC=0x9268C7E6  [CRC_OK]
[observe]   Frag Seq=192 Id=0x80000000 Count=1 Size=56 Idx=0 Q=10 payload[40]: 4c f7 00 00 05 00 00 50 04 00 33 02 33 02 00 00 08 00 3d 00 06 00 00 50 00 00 00 00 0f ee 00 00 ...
[observe]   -> opcode 0xF74C (no decoder yet)
[observe]   -> sent Ack(164) [24 bytes] to 127.0.0.1:9000
[observe] #177 from 127.0.0.1:9001: Seq=164 Id=11 Iter=1 Flags=AckSequence Size=4 CRC=0x708CB193  [CRC_OK]
[observe]   optional: AckSequence=3
[observe] #178 from 127.0.0.1:9001: Seq=165 Id=11 Iter=1 Flags=EncryptedChecksum, BlobFragments Size=29 CRC=0x51943A80  [CRC_OK]
[observe]   Frag Seq=193 Id=0x80000000 Count=1 Size=29 Idx=0 Q=9 payload[13]: cd 02 00 00 04 7d 00 00 00 90 01 00 00
[observe]   -> opcode 0x02CD (no decoder yet)
[observe]   -> sent Ack(165) [24 bytes] to 127.0.0.1:9000
[observe] #179 from 127.0.0.1:9001: Seq=166 Id=11 Iter=1 Flags=EncryptedChecksum, BlobFragments Size=56 CRC=0xEF3D8136  [CRC_OK]
[observe]   Frag Seq=194 Id=0x80000000 Count=1 Size=56 Idx=0 Q=10 payload[40]: 4c f7 00 00 05 00 00 50 04 00 34 02 34 02 00 00 08 00 3d 00 06 00 00 50 00 00 00 00 0f ee 00 00 ...
[observe]   -> opcode 0xF74C (no decoder yet)
[observe]   -> sent Ack(166) [24 bytes] to 127.0.0.1:9000
[observe] #180 from 127.0.0.1:9001: Seq=166 Id=11 Iter=1 Flags=AckSequence Size=4 CRC=0x708EB195  [CRC_OK]
[observe]   optional: AckSequence=3
[observe] #181 from 127.0.0.1:9001: Seq=167 Id=11 Iter=1 Flags=EncryptedChecksum, BlobFragments Size=56 CRC=0xC774C634  [CRC_OK]
[observe]   Frag Seq=195 Id=0x80000000 Count=1 Size=56 Idx=0 Q=10 payload[40]: 4c f7 00 00 05 00 00 50 04 00 35 02 35 02 00 00 08 00 3d 00 06 00 00 50 00 00 00 00 0f ee 00 00 ...
[observe]   -> opcode 0xF74C (no decoder yet)
[observe]   -> sent Ack(167) [24 bytes] to 127.0.0.1:9000
[observe] #182 from 127.0.0.1:9001: Seq=167 Id=11 Iter=1 Flags=AckSequence Size=4 CRC=0x7090B196  [CRC_OK]
[observe]   optional: AckSequence=3
[observe] #183 from 127.0.0.1:9001: Seq=168 Id=11 Iter=1 Flags=EncryptedChecksum, BlobFragments Size=56 CRC=0x6F5A0396  [CRC_OK]
[observe]   Frag Seq=196 Id=0x80000000 Count=1 Size=56 Idx=0 Q=10 payload[40]: 4c f7 00 00 05 00 00 50 04 00 36 02 36 02 00 00 08 00 3d 00 06 00 00 50 00 00 00 00 0f ee 00 00 ...
[observe]   -> opcode 0xF74C (no decoder yet)
[observe]   -> sent Ack(168) [24 bytes] to 127.0.0.1:9000
[observe] #184 from 127.0.0.1:9001: Seq=168 Id=11 Iter=1 Flags=AckSequence Size=4 CRC=0x7092B197  [CRC_OK]
[observe]   optional: AckSequence=3
[observe] #185 from 127.0.0.1:9001: Seq=169 Id=11 Iter=1 Flags=EncryptedChecksum, BlobFragments Size=56 CRC=0xE29CA021  [CRC_OK]
[observe]   Frag Seq=197 Id=0x80000000 Count=1 Size=56 Idx=0 Q=10 payload[40]: 4c f7 00 00 05 00 00 50 04 00 37 02 37 02 00 00 08 00 3d 00 06 00 00 50 00 00 00 00 0f ee 00 00 ...
[observe]   -> opcode 0xF74C (no decoder yet)
[observe]   -> sent Ack(169) [24 bytes] to 127.0.0.1:9000
[observe] #186 from 127.0.0.1:9001: Seq=170 Id=11 Iter=1 Flags=EncryptedChecksum, BlobFragments Size=29 CRC=0x7AEF046C  [CRC_OK]
[observe]   Frag Seq=198 Id=0x80000000 Count=1 Size=29 Idx=0 Q=9 payload[13]: cd 02 00 00 05 7d 00 00 00 97 01 00 00
[observe]   -> opcode 0x02CD (no decoder yet)
[observe]   -> sent Ack(170) [24 bytes] to 127.0.0.1:9000
[observe] #187 from 127.0.0.1:9001: Seq=170 Id=11 Iter=1 Flags=AckSequence Size=4 CRC=0x7094B199  [CRC_OK]
[observe]   optional: AckSequence=3
[observe] #188 from 127.0.0.1:9001: Seq=171 Id=11 Iter=1 Flags=EncryptedChecksum, BlobFragments Size=56 CRC=0xC9B9D56B  [CRC_OK]
[observe]   Frag Seq=199 Id=0x80000000 Count=1 Size=56 Idx=0 Q=10 payload[40]: 4c f7 00 00 05 00 00 50 04 00 38 02 38 02 00 00 08 00 3d 00 06 00 00 50 00 00 00 00 0f ee 00 00 ...
[observe]   -> opcode 0xF74C (no decoder yet)
[observe]   -> sent Ack(171) [24 bytes] to 127.0.0.1:9000
[observe] #189 from 127.0.0.1:9001: Seq=171 Id=11 Iter=1 Flags=AckSequence Size=4 CRC=0x7096B19A  [CRC_OK]
[observe]   optional: AckSequence=3
[observe] #190 from 127.0.0.1:9001: Seq=172 Id=11 Iter=1 Flags=EncryptedChecksum, BlobFragments Size=72 CRC=0x113C7A5C  [CRC_OK]
[observe]   Frag Seq=200 Id=0x80000000 Count=1 Size=72 Idx=0 Q=9 payload[56]: bb 02 00 00 1d 00 69 20 6e 65 65 64 20 61 20 62 61 67 2c 20 61 6e 79 6f 6e 65 20 67 6f 74 20 6f ...
[observe]   -> opcode 0x02BB (no decoder yet)
[observe]   -> sent Ack(172) [24 bytes] to 127.0.0.1:9000
[observe] #191 from 127.0.0.1:9001: Seq=173 Id=11 Iter=1 Flags=EncryptedChecksum, BlobFragments Size=56 CRC=0x71696850  [CRC_OK]
[observe]   Frag Seq=201 Id=0x80000000 Count=1 Size=56 Idx=0 Q=10 payload[40]: 4c f7 00 00 05 00 00 50 04 00 39 02 39 02 00 00 08 00 3d 00 06 00 00 50 00 00 00 00 0f ee 00 00 ...
[observe]   -> opcode 0xF74C (no decoder yet)
[observe]   -> sent Ack(173) [24 bytes] to 127.0.0.1:9000
[observe] #192 from 127.0.0.1:9001: Seq=173 Id=11 Iter=1 Flags=AckSequence Size=4 CRC=0x7098B19C  [CRC_OK]
[observe]   optional: AckSequence=3
[observe] #193 from 127.0.0.1:9001: Seq=174 Id=11 Iter=1 Flags=EncryptedChecksum, TimeSync Size=8 CRC=0x5BD799D8  [CRC_OK]
[observe]   optional: TimeSync=294106530.19603974
[observe]   -> sent Ack(174) [24 bytes] to 127.0.0.1:9000
[observe]   -> sent TimeSync(294106530.19603974) [28 bytes]
[observe] #194 from 127.0.0.1:9001: Seq=175 Id=11 Iter=1 Flags=EncryptedChecksum, BlobFragments Size=56 CRC=0x561D9255  [CRC_OK]
[observe]   Frag Seq=202 Id=0x80000000 Count=1 Size=56 Idx=0 Q=10 payload[40]: 4c f7 00 00 05 00 00 50 04 00 3a 02 3a 02 00 00 08 00 3d 00 06 00 00 50 00 00 00 00 0f ee 00 00 ...
[observe]   -> opcode 0xF74C (no decoder yet)
[observe]   -> sent Ack(175) [24 bytes] to 127.0.0.1:9000
[observe] #195 from 127.0.0.1:9001: Seq=175 Id=11 Iter=1 Flags=AckSequence Size=4 CRC=0x709AB19E  [CRC_OK]
[observe]   optional: AckSequence=3
[observe] #196 from 127.0.0.1:9001: Seq=176 Id=11 Iter=1 Flags=EncryptedChecksum, BlobFragments Size=29 CRC=0xEB8ABD66  [CRC_OK]
[observe]   Frag Seq=203 Id=0x80000000 Count=1 Size=29 Idx=0 Q=9 payload[13]: cd 02 00 00 06 7d 00 00 00 9e 01 00 00
[observe]   -> opcode 0x02CD (no decoder yet)
[observe]   -> sent Ack(176) [24 bytes] to 127.0.0.1:9000
[observe] #197 from 127.0.0.1:9001: Seq=177 Id=11 Iter=1 Flags=EncryptedChecksum, BlobFragments Size=44 CRC=0xAFE3C94B  [CRC_OK]
[observe]   Frag Seq=204 Id=0x80000000 Count=1 Size=44 Idx=0 Q=10 payload[28]: 4c f7 00 00 2c 20 60 78 00 00 a4 00 a4 00 00 00 00 00 3d 00 03 00 00 00 3d 00 0c 00
[observe]   -> opcode 0xF74C (no decoder yet)
[observe]   -> sent Ack(177) [24 bytes] to 127.0.0.1:9000
[observe] #198 from 127.0.0.1:9001: Seq=178 Id=11 Iter=1 Flags=EncryptedChecksum, BlobFragments Size=56 CRC=0x4665DF3E  [CRC_OK]
[observe]   Frag Seq=205 Id=0x80000000 Count=1 Size=56 Idx=0 Q=10 payload[40]: 4c f7 00 00 05 00 00 50 04 00 3b 02 3b 02 00 00 08 00 3d 00 06 00 00 50 00 00 00 00 0f ee 00 00 ...
[observe]   -> opcode 0xF74C (no decoder yet)
[observe]   -> sent Ack(178) [24 bytes] to 127.0.0.1:9000
[observe] #199 from 127.0.0.1:9001: Seq=179 Id=11 Iter=1 Flags=EncryptedChecksum, BlobFragments Size=32 CRC=0x0E2D8371  [CRC_OK]
[observe]   Frag Seq=206 Id=0x80000000 Count=1 Size=32 Idx=0 Q=10 payload[16]: 4b f7 00 00 2c 20 60 78 18 00 01 00 00 00 a4 00
[observe]   -> opcode 0xF74B (no decoder yet)
[observe]   -> sent Ack(179) [24 bytes] to 127.0.0.1:9000
[observe] #200 from 127.0.0.1:9001: Seq=179 Id=11 Iter=1 Flags=AckSequence Size=4 CRC=0x709CB1A2  [CRC_OK]
[observe]   optional: AckSequence=3
[observe] #201 from 127.0.0.1:9001: Seq=180 Id=11 Iter=1 Flags=EncryptedChecksum, BlobFragments Size=56 CRC=0xAC282936  [CRC_OK]
[observe]   Frag Seq=207 Id=0x80000000 Count=1 Size=56 Idx=0 Q=10 payload[40]: 4c f7 00 00 05 00 00 50 04 00 3c 02 3c 02 00 00 08 00 3d 00 06 00 00 50 00 00 00 00 0f ee 00 00 ...
[observe]   -> opcode 0xF74C (no decoder yet)
[observe]   -> sent Ack(180) [24 bytes] to 127.0.0.1:9000
[observe] #202 from 127.0.0.1:9001: Seq=180 Id=11 Iter=1 Flags=AckSequence Size=4 CRC=0x709EB1A3  [CRC_OK]
[observe]   optional: AckSequence=3
[observe] #203 from 127.0.0.1:9001: Seq=181 Id=11 Iter=1 Flags=EncryptedChecksum, BlobFragments Size=56 CRC=0x99770702  [CRC_OK]
[observe]   Frag Seq=208 Id=0x80000000 Count=1 Size=56 Idx=0 Q=10 payload[40]: 4c f7 00 00 05 00 00 50 04 00 3d 02 3d 02 00 00 08 00 3d 00 06 00 00 50 00 00 00 00 0f ee 00 00 ...
[observe]   -> opcode 0xF74C (no decoder yet)
[observe]   -> sent Ack(181) [24 bytes] to 127.0.0.1:9000
[observe] #204 from 127.0.0.1:9001: Seq=181 Id=11 Iter=1 Flags=AckSequence Size=4 CRC=0x70A0B1A4  [CRC_OK]
[observe]   optional: AckSequence=3
[observe] #205 from 127.0.0.1:9001: Seq=182 Id=11 Iter=1 Flags=EncryptedChecksum, BlobFragments Size=48 CRC=0x74BE6948  [CRC_OK]
[observe]   Frag Seq=209 Id=0x80000000 Count=1 Size=48 Idx=0 Q=10 payload[32]: 4c f7 00 00 05 00 00 50 04 00 3e 02 3e 02 00 00 00 00 3d 00 43 00 00 00 3d 00 87 00 00 00 10 40
[observe]   -> opcode 0xF74C (no decoder yet)
[observe]   -> sent Ack(182) [24 bytes] to 127.0.0.1:9000
[observe] #206 from 127.0.0.1:9001: Seq=183 Id=11 Iter=1 Flags=EncryptedChecksum, BlobFragments Size=56 CRC=0xE73CB40F  [CRC_OK]
[observe]   Frag Seq=210 Id=0x80000000 Count=1 Size=56 Idx=0 Q=10 payload[40]: 4c f7 00 00 05 00 00 50 04 00 3f 02 3f 02 00 00 08 00 3d 00 06 00 00 50 00 00 00 00 0f ee 00 00 ...
[observe]   -> opcode 0xF74C (no decoder yet)
[observe]   -> sent Ack(183) [24 bytes] to 127.0.0.1:9000
[observe] #207 from 127.0.0.1:9001: Seq=184 Id=11 Iter=1 Flags=EncryptedChecksum, BlobFragments Size=29 CRC=0x5ABB1A80  [CRC_OK]
[observe]   Frag Seq=211 Id=0x80000000 Count=1 Size=29 Idx=0 Q=9 payload[13]: cd 02 00 00 07 7d 00 00 00 a5 01 00 00
[observe]   -> opcode 0x02CD (no decoder yet)
[observe]   -> sent Ack(184) [24 bytes] to 127.0.0.1:9000
[observe] #208 from 127.0.0.1:9001: Seq=184 Id=11 Iter=1 Flags=AckSequence Size=4 CRC=0x70A2B1A7  [CRC_OK]
[observe]   optional: AckSequence=3
[observe] #209 from 127.0.0.1:9001: Seq=185 Id=11 Iter=1 Flags=EncryptedChecksum, BlobFragments Size=48 CRC=0xBBDD2102  [CRC_OK]
[observe]   Frag Seq=212 Id=0x80000000 Count=1 Size=48 Idx=0 Q=10 payload[32]: 4c f7 00 00 05 00 00 50 04 00 40 02 40 02 00 00 00 00 3d 00 43 00 00 00 3d 00 03 00 00 00 10 40
[observe]   -> opcode 0xF74C (no decoder yet)
[observe]   -> sent Ack(185) [24 bytes] to 127.0.0.1:9000
[observe] #210 from 127.0.0.1:9001: Seq=186 Id=11 Iter=1 Flags=EncryptedChecksum, BlobFragments Size=60 CRC=0x0478AA6F  [CRC_OK]
[observe]   Frag Seq=213 Id=0x80000000 Count=1 Size=60 Idx=0 Q=9 payload[44]: bb 02 00 00 11 00 6f 68 20 68 65 79 20 48 65 61 64 6c 65 73 73 30 31 00 08 00 50 69 6c 6f 74 2d ...
[observe]   -> opcode 0x02BB (no decoder yet)
[observe]   -> sent Ack(186) [24 bytes] to 127.0.0.1:9000
[observe] #211 from 127.0.0.1:9001: Seq=187 Id=11 Iter=1 Flags=EncryptedChecksum, BlobFragments Size=56 CRC=0x9901E28D  [CRC_OK]
[observe]   Frag Seq=214 Id=0x80000000 Count=1 Size=56 Idx=0 Q=10 payload[40]: 4c f7 00 00 05 00 00 50 04 00 41 02 41 02 00 00 08 00 3d 00 06 00 00 50 00 00 00 00 0f ee 00 00 ...
[observe]   -> opcode 0xF74C (no decoder yet)
[observe]   -> sent Ack(187) [24 bytes] to 127.0.0.1:9000
[observe] #212 from 127.0.0.1:9001: Seq=187 Id=11 Iter=1 Flags=AckSequence Size=4 CRC=0x70A4B1AA  [CRC_OK]
[observe]   optional: AckSequence=3
[observe] #213 from 127.0.0.1:9001: Seq=188 Id=11 Iter=1 Flags=EncryptedChecksum, BlobFragments Size=56 CRC=0x3CE3A460  [CRC_OK]
[observe]   Frag Seq=215 Id=0x80000000 Count=1 Size=56 Idx=0 Q=10 payload[40]: 4c f7 00 00 05 00 00 50 04 00 42 02 42 02 00 00 08 00 3d 00 06 00 00 50 00 00 00 00 0f ee 00 00 ...
[observe]   -> opcode 0xF74C (no decoder yet)
[observe]   -> sent Ack(188) [24 bytes] to 127.0.0.1:9000
[observe] #214 from 127.0.0.1:9001: Seq=188 Id=11 Iter=1 Flags=AckSequence Size=4 CRC=0x70A6B1AB  [CRC_OK]
[observe]   optional: AckSequence=3
[observe] #215 from 127.0.0.1:9001: Seq=189 Id=11 Iter=1 Flags=EncryptedChecksum, BlobFragments Size=56 CRC=0x6F2CBB8F  [CRC_OK]
[observe]   Frag Seq=216 Id=0x80000000 Count=1 Size=56 Idx=0 Q=10 payload[40]: 4c f7 00 00 05 00 00 50 04 00 43 02 43 02 00 00 08 00 3d 00 06 00 00 50 00 00 00 00 0f ee 00 00 ...
[observe]   -> opcode 0xF74C (no decoder yet)
[observe]   -> sent Ack(189) [24 bytes] to 127.0.0.1:9000
[observe] #216 from 127.0.0.1:9001: Seq=189 Id=11 Iter=1 Flags=AckSequence Size=4 CRC=0x70A8B1AC  [CRC_OK]
[observe]   optional: AckSequence=3
[observe] #217 from 127.0.0.1:9001: Seq=190 Id=11 Iter=1 Flags=EncryptedChecksum, BlobFragments Size=29 CRC=0x70363D50  [CRC_OK]
[observe]   Frag Seq=217 Id=0x80000000 Count=1 Size=29 Idx=0 Q=9 payload[13]: cd 02 00 00 08 7d 00 00 00 ac 01 00 00
[observe]   -> opcode 0x02CD (no decoder yet)
[observe]   -> sent Ack(190) [24 bytes] to 127.0.0.1:9000
[observe] #218 from 127.0.0.1:9001: Seq=191 Id=11 Iter=1 Flags=EncryptedChecksum, BlobFragments Size=56 CRC=0x9B1C51A7  [CRC_OK]
[observe]   Frag Seq=218 Id=0x80000000 Count=1 Size=56 Idx=0 Q=10 payload[40]: 4c f7 00 00 05 00 00 50 04 00 44 02 44 02 00 00 08 00 3d 00 06 00 00 50 00 00 00 00 0f ee 00 00 ...
[observe]   -> opcode 0xF74C (no decoder yet)
[observe]   -> sent Ack(191) [24 bytes] to 127.0.0.1:9000
[observe] #219 from 127.0.0.1:9001: Seq=191 Id=11 Iter=1 Flags=AckSequence Size=4 CRC=0x70AAB1AE  [CRC_OK]
[observe]   optional: AckSequence=3
[observe] #220 from 127.0.0.1:9001: Seq=192 Id=11 Iter=1 Flags=EncryptedChecksum, BlobFragments Size=56 CRC=0xB7671A24  [CRC_OK]
[observe]   Frag Seq=219 Id=0x80000000 Count=1 Size=56 Idx=0 Q=10 payload[40]: 4c f7 00 00 05 00 00 50 04 00 45 02 45 02 00 00 08 00 3d 00 06 00 00 50 00 00 00 00 0f ee 00 00 ...
[observe]   -> opcode 0xF74C (no decoder yet)
[observe]   -> sent Ack(192) [24 bytes] to 127.0.0.1:9000
[observe] observation window elapsed
[observe] total packets observed: 220 (CRC pass=220, fail=0)
[observe] sent: 191 acks, 3 timesync echoes, characterCreate=False, enterWorldRequest=True, enterWorld=True
[observe] CharacterEnterWorldServerReady received
[main] PHASE 3.3 PASS — EnterWorld two-step handshake committed (guid=0x50000006); world-state firehose should follow.
